익선잡방,익선동,0,https://www.instagram.com/p/CE-4Nk8pqX7/,"https://scontent-ssn1-1.cdninstagram.com/v/t51.2885-15/fr/e15/s1080x1080/119044125_653941262215968_8397075885023778863_n.jpg?tp=1&_nc_ht=scontent-ssn1-1.cdninstagram.com&_nc_cat=100&_nc_ohc=Cuv0hxJy6I0AX8eusl7&ccb=7-4&oh=51577f60c4a8193d6421416f08a8877f&oe=608E478D&_nc_sid=83d603,https://scontent-ssn1-1.cdninstagram.com/v/t51.2885-15/fr/e15/s1080x1080/119049007_327256908368668_8520458518827317548_n.jpg?tp=1&_nc_ht=scontent-ssn1-1.cdninstagram.com&_nc_cat=104&_nc_ohc=N0JHYCgEmTQAX_JgUUF&ccb=7-4&oh=7f27f848106575faa2b41e1e65d89544&oe=608EA445&_nc_sid=83d603",2020년 9월 11일
고래바,자양동,0,https://www.instagram.com/p/CG6_EfADKWp/,"https://scontent-ssn1-1.cdninstagram.com/v/t51.2885-15/fr/e15/s1080x1080/123102375_2712655132381736_5922974687333163045_n.jpg?tp=1&_nc_ht=scontent-ssn1-1.cdninstagram.com&_nc_cat=108&_nc_ohc=h3EecT6ILxcAX_hZYmT&ccb=7-4&oh=a5b6050afd06dc6c645c569ba2468e13&oe=608CD567&_nc_sid=83d603,https://scontent-ssn1-1.cdninstagram.com/v/t51.2885-15/fr/e15/p1080x1080/122797870_354085102547202_4367512562141918168_n.jpg?tp=1&_nc_ht=scontent-ssn1-1.cdninstagram.com&_nc_cat=106&_nc_ohc=c5qQUHYIf-wAX-MxR1C&ccb=7-4&oh=b6ac12b59ddadfb5c3f6259ab1afa70a&oe=608E73BA&_nc_sid=83d603",2020년 10월 29일
르솔레이,연희동,0,https://www.instagram.com/p/CGUJWCZF2wA/,"https://scontent-ssn1-1.cdninstagram.com/v/t51.2885-15/fr/e15/s1080x1080/121450389_175601230817490_2823287695893201663_n.jpg?tp=1&_nc_ht=scontent-ssn1-1.cdninstagram.com&_nc_cat=106&_nc_ohc=lhSuCkHyA28AX8D4mVh&ccb=7-4&oh=d89ffaf38b12ba7b6e2dffa1698bd8c8&oe=608B8CE6&_nc_sid=83d603,https://scontent-ssn1-1.cdninstagram.com/v/t51.2885-15/fr/e15/s1080x1080/121586580_676986026557864_7650068732709175559_n.jpg?tp=1&_nc_ht=scontent-ssn1-1.cdninstagram.com&_nc_cat=104&_nc_ohc=sPKO0Kp9qj4AX8jT-o0&ccb=7-4&oh=d8b25e8e5ca1edf00d3d8c36d50ee03a&oe=608B2017&_nc_sid=83d603",2020년 10월 14일
하이드앤시크,회현,0,https://www.instagram.com/p/CJyO6UEsI2Q/,"https://scontent-ssn1-1.cdninstagram.com/v/t51.2885-15/fr/e15/s1080x1080/136974459_883857859017211_1832758883335265386_n.jpg?tp=1&_nc_ht=scontent-ssn1-1.cdninstagram.com&_nc_cat=107&_nc_ohc=H6CDg6aBW34AX8Jz1Ie&ccb=7-4&oh=6c986e4eb19b9ea06d4f755342cb0f27&oe=608B0395&_nc_sid=83d603,https://scontent-ssn1-1.cdninstagram.com/v/t51.2885-15/fr/e15/s1080x1080/136404949_697158230969929_7985319669331980085_n.jpg?tp=1&_nc_ht=scontent-ssn1-1.cdninstagram.com&_nc_cat=101&_nc_ohc=H3R7ODgD0XQAX-1cRFs&ccb=7-4&oh=3777fd8211b7ad350771ebd9baad89fe&oe=608CD202&_nc_sid=83d603",2021년 1월 8일
플러피도넛,연남,0,https://www.instagram.com/p/CIS9gqyBKYH/,"https://scontent-ssn1-1.cdninstagram.com/v/t51.2885-15/fr/e15/s1080x1080/129732276_214162780147624_5716913513189923294_n.jpg?tp=1&_nc_ht=scontent-ssn1-1.cdninstagram.com&_nc_cat=104&_nc_ohc=8V77qjufzEsAX83a2ds&ccb=7-4&oh=a12e275a52b3b3ec6e6854f4cbfa628c&oe=608B94AC&_nc_sid=83d603,https://scontent-ssn1-1.cdninstagram.com/v/t51.2885-15/fr/e15/s1080x1080/128086445_2761310907458449_1809263113328037862_n.jpg?tp=1&_nc_ht=scontent-ssn1-1.cdninstagram.com&_nc_cat=101&_nc_ohc=4cg0N_MAdUgAX90hBed&ccb=7-4&oh=e363eff1e5ded1538180918020819b10&oe=608EB2A1&_nc_sid=83d603",2020년 12월 2일
백두강산,을지로,0,https://www.instagram.com/p/CC-IWwoppqH/,"https://scontent-ssn1-1.cdninstagram.com/v/t51.2885-15/e35/115928524_930926867318624_8196128856543363267_n.jpg?tp=1&_nc_ht=scontent-ssn1-1.cdninstagram.com&_nc_cat=108&_nc_ohc=eod6I2Biok4AX_TgsS8&ccb=7-4&oh=dfcce76e87f5e4bf2249e70f82b97aa6&oe=608CF45D&_nc_sid=83d603,https://scontent-ssn1-1.cdninstagram.com/v/t51.2885-15/e35/115910668_296385455042132_5511589025362101514_n.jpg?tp=1&_nc_ht=scontent-ssn1-1.cdninstagram.com&_nc_cat=108&_nc_ohc=LxrXWfRWH0IAX_dIirg&ccb=7-4&oh=188895039d2d5c55a9a10cb03db3ed06&oe=608E8026&_nc_sid=83d603",2020년 7월 23일
올모스트홈카페,종로,0,https://www.instagram.com/p/CD2yMJ5JV6P/,"https://scontent-ssn1-1.cdninstagram.com/v/t51.2885-15/e35/117602720_339090144140885_5044091659008910690_n.jpg?tp=1&_nc_ht=scontent-ssn1-1.cdninstagram.com&_nc_cat=105&_nc_ohc=dM3b8MhlTVoAX-jT-RN&ccb=7-4&oh=4e6097160d26f02eb1b70b1b23d7ec6a&oe=608DB55B&_nc_sid=83d603,https://scontent-ssn1-1.cdninstagram.com/v/t51.2885-15/e35/117377579_308129997097054_358238579993867603_n.jpg?tp=1&_nc_ht=scontent-ssn1-1.cdninstagram.com&_nc_cat=110&_nc_ohc=_8NncdHIxvUAX_7LcJk&ccb=7-4&oh=355c5c2fec4a1b3936718f9b686800d1&oe=608B4EB7&_nc_sid=83d603",2020년 8월 14일
루이스의 사물들,을지로,0,https://www.instagram.com/p/CGUyiFZncqZ/,"https://scontent-ssn1-1.cdninstagram.com/v/t51.2885-15/fr/e15/s1080x1080/121609210_348402146610222_5376942688443736605_n.jpg?tp=1&_nc_ht=scontent-ssn1-1.cdninstagram.com&_nc_cat=106&_nc_ohc=6MQ3QDh-Fa4AX9pofbA&ccb=7-4&oh=7f37a30bd15d93426320f91fae7422b3&oe=608C1F78&_nc_sid=83d603,https://scontent-ssn1-1.cdninstagram.com/v/t51.2885-15/fr/e15/s1080x1080/121284223_654033861897616_5890050082850591036_n.jpg?tp=1&_nc_ht=scontent-ssn1-1.cdninstagram.com&_nc_cat=104&_nc_ohc=53WoEvqLpdEAX9OqHL6&ccb=7-4&oh=f7789406f1ca26aa9f7e6b67805f1841&oe=608BE755&_nc_sid=83d603",2020년 10월 14일
공공거실,혜화,0,https://www.instagram.com/p/CEs-K_eJAhH/,"https://scontent-ssn1-1.cdninstagram.com/v/t51.2885-15/fr/e15/s1080x1080/118729193_4961487467210027_5114343120343341733_n.jpg?tp=1&_nc_ht=scontent-ssn1-1.cdninstagram.com&_nc_cat=111&_nc_ohc=7VtGrcX9w6AAX800MwL&ccb=7-4&oh=a4ddfee631bf33c5605bd23cd26cb4ff&oe=608E7327&_nc_sid=83d603,https://scontent-ssn1-1.cdninstagram.com/v/t51.2885-15/fr/e15/s1080x1080/118765965_2649947411938311_6462405889552400660_n.jpg?tp=1&_nc_ht=scontent-ssn1-1.cdninstagram.com&_nc_cat=103&_nc_ohc=zoo7cNvrNRcAX-wWmev&ccb=7-4&oh=04b2bedbcedec0f911cb46d241d54cc7&oe=608AD354&_nc_sid=83d603",2020년 9월 4일
모티프 커피바,합정,0,https://www.instagram.com/p/CC28aZYpYyh/,"https://scontent-ssn1-1.cdninstagram.com/v/t51.2885-15/e35/110223949_2401727023453525_4526341615752657367_n.jpg?tp=1&_nc_ht=scontent-ssn1-1.cdninstagram.com&_nc_cat=101&_nc_ohc=5DorCj_gIW4AX_-KyVI&ccb=7-4&oh=d8a102d3322d58b19cb7d1f3e230ef15&oe=608B2151&_nc_sid=83d603,https://scontent-ssn1-1.cdninstagram.com/v/t51.2885-15/e35/109356996_839037553170672_2383057520046367845_n.jpg?tp=1&_nc_ht=scontent-ssn1-1.cdninstagram.com&_nc_cat=100&_nc_ohc=_ip3LPJ8qhAAX-Bi15z&ccb=7-4&oh=05e80e42920810124691352c0ade0c93&oe=608B43BE&_nc_sid=83d603",2020년 7월 20일
보너스,을지로,0,https://www.instagram.com/p/CGZAn6EF9qB/,"https://scontent-ssn1-1.cdninstagram.com/v/t51.2885-15/fr/e15/s1080x1080/121574296_342113993522267_4657149010067699793_n.jpg?tp=1&_nc_ht=scontent-ssn1-1.cdninstagram.com&_nc_cat=111&_nc_ohc=0v6KtDZgi4QAX8tqIQC&ccb=7-4&oh=7b1c02002eb38f765d3dafdbacb6f783&oe=608EA56B&_nc_sid=83d603,https://scontent-ssn1-1.cdninstagram.com/v/t51.2885-15/fr/e15/s1080x1080/121617782_785097488725976_5564988778313700927_n.jpg?tp=1&_nc_ht=scontent-ssn1-1.cdninstagram.com&_nc_cat=108&_nc_ohc=wwFQy7ANx0YAX9t1ECb&ccb=7-4&oh=b23cda7614592799511c4f6218c18802&oe=608ACD29&_nc_sid=83d603",2020년 10월 16일
이페카페,망원,0,https://www.instagram.com/p/CGhqlsin9Gf/,"https://scontent-ssn1-1.cdninstagram.com/v/t51.2885-15/fr/e15/s1080x1080/122008909_180277606971274_5663471612380594756_n.jpg?tp=1&_nc_ht=scontent-ssn1-1.cdninstagram.com&_nc_cat=110&_nc_ohc=bCXlxMPILtoAX-_UAa4&ccb=7-4&oh=c192fda679615da081b0c5b546bfca21&oe=608E4EFA&_nc_sid=83d603,https://scontent-ssn1-1.cdninstagram.com/v/t51.2885-15/fr/e15/s1080x1080/122010869_730252344370953_6662644270236177527_n.jpg?tp=1&_nc_ht=scontent-ssn1-1.cdninstagram.com&_nc_cat=109&_nc_ohc=u6LEiMHHBJwAX-XU-LZ&ccb=7-4&oh=846eee76a10991ccf3dc0f0ebc3dfd27&oe=608BFA1D&_nc_sid=83d603",2020년 10월 19일
순수카츠,영등포,0,https://www.instagram.com/p/CE4F5zrHDJW/,"https://scontent-ssn1-1.cdninstagram.com/v/t51.2885-15/fr/e15/s1080x1080/118832614_3380742762048253_4086050240848891917_n.jpg?tp=1&_nc_ht=scontent-ssn1-1.cdninstagram.com&_nc_cat=101&_nc_ohc=VJ8iBYuZKe0AX_X53x-&ccb=7-4&oh=f0d8129e3df2b1c619d54fd55070b027&oe=608D7FA3&_nc_sid=83d603,https://scontent-ssn1-1.cdninstagram.com/v/t51.2885-15/fr/e15/s1080x1080/118868291_691448028134821_7238618023012964706_n.jpg?tp=1&_nc_ht=scontent-ssn1-1.cdninstagram.com&_nc_cat=101&_nc_ohc=XRqZB9wdlPoAX-KJ5S1&ccb=7-4&oh=868b38a573f40a998dde3846f69e5a39&oe=608C47B8&_nc_sid=83d603",2020년 9월 8일
와일드덕칸틴,해방촌,0,https://www.instagram.com/p/CJBTxyjhM6D/,"https://scontent-ssn1-1.cdninstagram.com/v/t51.2885-15/fr/e15/p1080x1080/131945026_866339827451604_4275796274468075462_n.jpg?tp=1&_nc_ht=scontent-ssn1-1.cdninstagram.com&_nc_cat=100&_nc_ohc=bUGt3HOFCEcAX96lTYp&ccb=7-4&oh=2c82185c1ef07b2d208f2020893ad8fd&oe=608C0939&_nc_sid=83d603,https://scontent-ssn1-1.cdninstagram.com/v/t51.2885-15/fr/e15/p1080x1080/131941605_427572128596888_1794685354152311887_n.jpg?tp=1&_nc_ht=scontent-ssn1-1.cdninstagram.com&_nc_cat=104&_nc_ohc=57jydv1Bos8AX-5B6FM&ccb=7-4&oh=23037658bc3d1f64b0bc3ccd318b8afd&oe=608AECFD&_nc_sid=83d603",2020년 12월 20일
그린마일커피,북촌 강남⠀,0,https://www.instagram.com/p/CIPZ2IlA6Mb/,"https://scontent-ssn1-1.cdninstagram.com/v/t51.2885-15/fr/e15/s1080x1080/128870986_433958394674526_8121714483233150867_n.jpg?tp=1&_nc_ht=scontent-ssn1-1.cdninstagram.com&_nc_cat=106&_nc_ohc=zgLjDpINFMEAX_JUNml&ccb=7-4&oh=6f6cc8f184b942982b28f30ffe3c9913&oe=608D63D8&_nc_sid=83d603,https://scontent-ssn1-1.cdninstagram.com/v/t51.2885-15/fr/e15/s1080x1080/129211721_225417275603821_5194110196287607719_n.jpg?tp=1&_nc_ht=scontent-ssn1-1.cdninstagram.com&_nc_cat=101&_nc_ohc=zb86HmB8l1EAX-ij8ob&ccb=7-4&oh=e0bd84952ae20e1db7f7aa1f934b0477&oe=608D87AF&_nc_sid=83d603",2020년 12월 1일
비비비커피,서울숲,0,https://www.instagram.com/p/CIiaSfAjBKJ/,"https://scontent-ssn1-1.cdninstagram.com/v/t51.2885-15/e15/129739456_678270279543577_6957309201408476178_n.jpg?tp=1&_nc_ht=scontent-ssn1-1.cdninstagram.com&_nc_cat=101&_nc_ohc=iHlPFanimioAX-X0f2Q&ccb=7-4&oh=8a1c61e9587c0b3826ec96557b231507&oe=608CB2A2&_nc_sid=83d603,https://scontent-ssn1-1.cdninstagram.com/v/t51.2885-15/e15/130296194_120615149781178_7301368977072526655_n.jpg?tp=1&_nc_ht=scontent-ssn1-1.cdninstagram.com&_nc_cat=110&_nc_ohc=3sUZtpxf_mcAX_we7Ch&ccb=7-4&oh=cd189284254ba0cc524244e0580da809&oe=608C2CA3&_nc_sid=83d603",2020년 12월 8일
평화,문래,0,https://www.instagram.com/p/CD77nfppNXM/,"https://scontent-ssn1-1.cdninstagram.com/v/t51.2885-15/e35/117522924_304661534192959_2904685201449868091_n.jpg?tp=1&_nc_ht=scontent-ssn1-1.cdninstagram.com&_nc_cat=107&_nc_ohc=Dc2nIJxW8mcAX8Ij20c&ccb=7-4&oh=bdb56fa9b0d63eb46a9bbee9fc11f91c&oe=608D6D79&_nc_sid=83d603,https://scontent-ssn1-1.cdninstagram.com/v/t51.2885-15/e35/117610163_3471164799574382_8374216149101648387_n.jpg?tp=1&_nc_ht=scontent-ssn1-1.cdninstagram.com&_nc_cat=102&_nc_ohc=AhU0qv6Nf54AX-t4V8z&ccb=7-4&oh=45413d918b029757e088e6103fb04fff&oe=608B846D&_nc_sid=83d603",2020년 8월 16일
난,합정,0,https://www.instagram.com/p/CGq_XKJpNwK/,"https://scontent-ssn1-1.cdninstagram.com/v/t51.2885-15/fr/e15/s1080x1080/122161893_382465313163037_4494980223743497623_n.jpg?tp=1&_nc_ht=scontent-ssn1-1.cdninstagram.com&_nc_cat=101&_nc_ohc=vCJAbql4_DMAX-I6pFz&ccb=7-4&oh=637181f07732184d765a4a85db8c310e&oe=608C21A3&_nc_sid=83d603,https://scontent-ssn1-1.cdninstagram.com/v/t51.2885-15/fr/e15/s1080x1080/122157374_1308289006183850_5500917562049298726_n.jpg?tp=1&_nc_ht=scontent-ssn1-1.cdninstagram.com&_nc_cat=102&_nc_ohc=W6Gdt-e1MkcAX_oAo-3&ccb=7-4&oh=b9be056cc2cebc7b3f57f9439426cf71&oe=608AF9F9&_nc_sid=83d603",2020년 10월 23일
플랜트,이태원,0,https://www.instagram.com/p/CDqeFN_pdpX/,"https://scontent-ssn1-1.cdninstagram.com/v/t51.2885-15/e35/117516624_3064945533558865_3293329787820010007_n.jpg?tp=1&_nc_ht=scontent-ssn1-1.cdninstagram.com&_nc_cat=101&_nc_ohc=K4xxGinCfUkAX-q_xv-&ccb=7-4&oh=b81ce189911b1a40222eacaebe2a17c3&oe=608BDC57&_nc_sid=83d603,https://scontent-ssn1-1.cdninstagram.com/v/t51.2885-15/e35/117172262_589986618357856_3233555124972319944_n.jpg?tp=1&_nc_ht=scontent-ssn1-1.cdninstagram.com&_nc_cat=104&_nc_ohc=U409whADcRoAX_Ghx1B&ccb=7-4&oh=e382a0716f1826dbfb014683f5a1cb20&oe=608D5D43&_nc_sid=83d603",2020년 8월 9일
리틀넥,청담,0,https://www.instagram.com/p/CDKuGIzJSOT/,"https://scontent-ssn1-1.cdninstagram.com/v/t51.2885-15/e35/116105539_3072917146089298_6157357325117901040_n.jpg?tp=1&_nc_ht=scontent-ssn1-1.cdninstagram.com&_nc_cat=110&_nc_ohc=cLD8f7Hkrn0AX8lg4cr&ccb=7-4&oh=8fe81c16fdc46383766452431c44c38a&oe=608D83D2&_nc_sid=83d603,https://scontent-ssn1-1.cdninstagram.com/v/t51.2885-15/e35/115932558_306538797130046_7356299812698983858_n.jpg?tp=1&_nc_ht=scontent-ssn1-1.cdninstagram.com&_nc_cat=102&_nc_ohc=NvcCtROeHH8AX_5fpae&ccb=7-4&oh=181bfa4808dd0b0bad31ad0bbe251067&oe=608B3A50&_nc_sid=83d603",2020년 7월 28일
호아드,삼청동,0,https://www.instagram.com/p/CF_NT2JActR/,"https://scontent-ssn1-1.cdninstagram.com/v/t51.2885-15/fr/e15/s1080x1080/120771645_1025316087929344_8171859316983023266_n.jpg?tp=1&_nc_ht=scontent-ssn1-1.cdninstagram.com&_nc_cat=104&_nc_ohc=I3mwY3Fs1qcAX-bnUX_&ccb=7-4&oh=346cd444c187bc5f0546e2c8db82868e&oe=608E257F&_nc_sid=83d603,https://scontent-ssn1-1.cdninstagram.com/v/t51.2885-15/fr/e15/p1080x1080/120845427_168845524792349_1156909498067083429_n.jpg?tp=1&_nc_ht=scontent-ssn1-1.cdninstagram.com&_nc_cat=105&_nc_ohc=Xlfc9wLHkAQAX-M3abR&ccb=7-4&oh=ad1b69f921beed96208c615efd08e473&oe=608C2BE5&_nc_sid=83d603",2020년 10월 6일
맛차차,성수,0,https://www.instagram.com/p/CC2aF5CJAuY/,"https://scontent-ssn1-1.cdninstagram.com/v/t51.2885-15/e35/109484058_1129009640817835_2522380810318139899_n.jpg?tp=1&_nc_ht=scontent-ssn1-1.cdninstagram.com&_nc_cat=107&_nc_ohc=5bYOk96Z08gAX8AowYD&ccb=7-4&oh=b3102f3643a2b6fb54540dd9f933b78a&oe=608B1F85&_nc_sid=83d603,https://scontent-ssn1-1.cdninstagram.com/v/t51.2885-15/e35/109344004_707626589802098_8373584849941800353_n.jpg?tp=1&_nc_ht=scontent-ssn1-1.cdninstagram.com&_nc_cat=102&_nc_ohc=s8Il-Mlkg2wAX-Qszal&ccb=7-4&oh=67562f78754730d11df37bb9c4827ff9&oe=608C6043&_nc_sid=83d603",2020년 7월 20일
수르기,한남,0,https://www.instagram.com/p/CHknM0FhFHA/,"https://scontent-ssn1-1.cdninstagram.com/v/t51.2885-15/fr/e15/s1080x1080/125292861_376653726907096_4005810028657112600_n.jpg?tp=1&_nc_ht=scontent-ssn1-1.cdninstagram.com&_nc_cat=104&_nc_ohc=YExl6U02tYsAX-X4CI0&ccb=7-4&oh=0e19074a77b1faff9eff98a573e1f9d3&oe=608CDB84&_nc_sid=83d603,https://scontent-ssn1-1.cdninstagram.com/v/t51.2885-15/fr/e15/s1080x1080/125063694_703433713641067_3464505506616125269_n.jpg?tp=1&_nc_ht=scontent-ssn1-1.cdninstagram.com&_nc_cat=107&_nc_ohc=HG-flajR0NkAX8JBnQK&ccb=7-4&oh=ab4e1d25eab830d1012ad78a380f6099&oe=608E2E7A&_nc_sid=83d603",2020년 11월 14일
