올모스트홈카페,종로,56,https://www.instagram.com/p/CD2yMJ5JV6P/,https://scontent-ssn1-1.cdninstagram.com/v/t51.2885-15/e35/117602720_339090144140885_5044091659008910690_n.jpg?_nc_ht=scontent-ssn1-1.cdninstagram.com&_nc_cat=105&_nc_ohc=-Fsk6IZC9iAAX-8C-7t&_nc_tp=18&oh=721ce0ef99ba88a7ba24b1c599a28067&oe=5FA8505B,2020년 8월 14일
빌즈,잠실 광화문 강남,121,https://www.instagram.com/p/B0-wWI0p4QE/,https://scontent-ssn1-1.cdninstagram.com/v/t51.2885-15/e35/66478489_461255924430587_6082133864983651826_n.jpg?_nc_ht=scontent-ssn1-1.cdninstagram.com&_nc_cat=111&_nc_ohc=pfyA29uup84AX9g8aSj&_nc_tp=18&oh=ef7af10b7d90c64cd187696c0eec58b6&oe=5FA743DE,2019년 8월 10일
오트렉,을지로,104,https://www.instagram.com/p/B_uUmRiJGYU/,https://scontent-ssn1-1.cdninstagram.com/v/t51.2885-15/e35/95265764_264530411590428_1089836207113429938_n.jpg?_nc_ht=scontent-ssn1-1.cdninstagram.com&_nc_cat=100&_nc_ohc=yEeIC43dOEcAX_d45iO&_nc_tp=18&oh=9bafced3679f00bafdbabf256c0b9ae2&oe=5FA4FA2A,2020년 5월 3일
재주식탁,성수,109,https://www.instagram.com/p/B-T_BrMJHha/,https://scontent-ssn1-1.cdninstagram.com/v/t51.2885-15/e35/90990380_899721027108830_4595175289176926746_n.jpg?_nc_ht=scontent-ssn1-1.cdninstagram.com&_nc_cat=102&_nc_ohc=cGKs2c0VggMAX-HF-x6&_nc_tp=18&oh=f931fd060f9397cf94459618ee5c0efc&oe=5FA571B3,2020년 3월 29일
패티앤베지스,가로수길,42,https://www.instagram.com/p/CErN9UBgh8M/,https://scontent-ssn1-1.cdninstagram.com/v/t51.2885-15/fr/e15/s1080x1080/118746506_309001943535711_4372747429144736578_n.jpg?_nc_ht=scontent-ssn1-1.cdninstagram.com&_nc_cat=103&_nc_ohc=E3RBuU2dRjgAX_5XoZx&oh=af88be372a1b9e0dfde73df9e5533819&oe=5FA73202,2020년 9월 3일
정미식당,목동,94,https://www.instagram.com/p/B_ew6Sap-39/,https://scontent-ssn1-1.cdninstagram.com/v/t51.2885-15/e35/94740048_2876103772507892_2039456485904320810_n.jpg?_nc_ht=scontent-ssn1-1.cdninstagram.com&_nc_cat=108&_nc_ohc=JVNWNEG86woAX8CMMk-&_nc_tp=18&oh=bf6263255acc80672429553221c4728d&oe=5FA6FE25,2020년 4월 27일
예티,홍대,94,https://www.instagram.com/p/B-zUBAcpUoB/,https://scontent-ssn1-1.cdninstagram.com/v/t51.2885-15/e35/92534430_212274933394842_3631822262046510063_n.jpg?_nc_ht=scontent-ssn1-1.cdninstagram.com&_nc_cat=106&_nc_ohc=-7hc988gry8AX-odc1-&_nc_tp=18&oh=6129e92c5a05627f23cc2da8369b23a7&oe=5FA7F1C8,2020년 4월 10일
리마장82,강남,95,https://www.instagram.com/p/B78lUBSJTXs/,https://scontent-ssn1-1.cdninstagram.com/v/t51.2885-15/e35/83005693_2856473054579603_5903766862553692871_n.jpg?_nc_ht=scontent-ssn1-1.cdninstagram.com&_nc_cat=111&_nc_ohc=2qZParg6TeIAX-mnvE6&_nc_tp=18&oh=819be8b3d54006026b830ffc58f9168f&oe=5FA4E918,2020년 1월 30일
빅토리아베이커리,성수,61,https://www.instagram.com/p/CEReDLVDSzj/,https://scontent-ssn1-1.cdninstagram.com/v/t51.2885-15/fr/e15/p1080x1080/118472133_942877299525398_6739246840633446056_n.jpg?_nc_ht=scontent-ssn1-1.cdninstagram.com&_nc_cat=102&_nc_ohc=QU_1alrbo3QAX9LopHc&oh=f6ca3223ef85e04be92c38bffdfddf20&oe=5FA593F2,2020년 8월 24일
1인1잔,은평,215,https://www.instagram.com/p/B_cWibCpx_V/,https://scontent-ssn1-1.cdninstagram.com/v/t51.2885-15/e35/94358328_873078076507763_766474454811738337_n.jpg?_nc_ht=scontent-ssn1-1.cdninstagram.com&_nc_cat=111&_nc_ohc=s8YnXOcFnGkAX-e4f1u&_nc_tp=18&oh=f634454b448addfa49d81e33efcf77c7&oe=5FA51910,2020년 4월 26일
엠엔디 커피,합정,151,https://www.instagram.com/p/B0uEgW_Jh4_/,https://scontent-ssn1-1.cdninstagram.com/v/t51.2885-15/e35/66713207_2340343179334163_3885585250958484245_n.jpg?_nc_ht=scontent-ssn1-1.cdninstagram.com&_nc_cat=111&_nc_ohc=RMReURYaWPQAX-LYp5e&_nc_tp=18&oh=3ba9f031eca9ef96d5f40c8c1b89bd69&oe=5FA4D800,2019년 8월 4일
연남방앗간,연남동,114,https://www.instagram.com/p/B24CnCLpvGq/,https://scontent-ssn1-1.cdninstagram.com/v/t51.2885-15/e35/70938491_467877007142456_5131226937411960040_n.jpg?_nc_ht=scontent-ssn1-1.cdninstagram.com&_nc_cat=108&_nc_ohc=xySSZH2__1kAX9RfNjf&_nc_tp=18&oh=d490613e2a4cc618548aab5895abdc3b&oe=5FA4CC62,2019년 9월 26일
바이레인,광진구 중곡동,115,https://www.instagram.com/p/B1gEW6apKCI/,https://scontent-ssn1-1.cdninstagram.com/v/t51.2885-15/e35/69653770_172044527171838_7942429526608459420_n.jpg?_nc_ht=scontent-ssn1-1.cdninstagram.com&_nc_cat=106&_nc_ohc=g0jKNkTDD80AX8bJsNl&_nc_tp=18&oh=24e30cfc478c789daf92331ef519ddfe&oe=5FA62F2F,2019년 8월 23일
하이놀리,망원,42,https://www.instagram.com/p/CFPRF5UpTYj/,https://scontent-ssn1-1.cdninstagram.com/v/t51.2885-15/fr/e15/s1080x1080/119613854_716491039303475_1353117397616647937_n.jpg?_nc_ht=scontent-ssn1-1.cdninstagram.com&_nc_cat=111&_nc_ohc=RHt1TyxQB34AX9NRzqg&oh=19036c3290af61f23cf55a176dee600c&oe=5FA74AC9,2020년 9월 17일
펠트 도산공원점 준지,신사동,143,https://www.instagram.com/p/B4kSynyJGpj/,https://scontent-ssn1-1.cdninstagram.com/v/t51.2885-15/e35/72666831_424058854947955_3925665220377843707_n.jpg?_nc_ht=scontent-ssn1-1.cdninstagram.com&_nc_cat=107&_nc_ohc=VszOoN4D6-AAX_g2JFA&_nc_tp=18&oh=f3aae462ad2085a6137fca1d078cbc01&oe=5FA75FD2,2019년 11월 7일
드렁큰비건,마포,133,https://www.instagram.com/p/B09icYBpq2d/,https://scontent-ssn1-1.cdninstagram.com/v/t51.2885-15/e35/66637031_511458522729774_801752704394977711_n.jpg?_nc_ht=scontent-ssn1-1.cdninstagram.com&_nc_cat=106&_nc_ohc=vHKTohy_2ggAX8lE5r8&_nc_tp=18&oh=035f1f1134e98226c79a2d68e8601fe2&oe=5FA6E379,2019년 8월 10일
폴트 버거,도산공원,36,https://www.instagram.com/p/CEmEcPUDsFc/,https://scontent-ssn1-1.cdninstagram.com/v/t51.2885-15/fr/e15/s1080x1080/118695001_356967278659383_1180534706481602840_n.jpg?_nc_ht=scontent-ssn1-1.cdninstagram.com&_nc_cat=103&_nc_ohc=HgFe4ypXCacAX-kaY6g&oh=7a87380d05258f2d55055a04a29da455&oe=5FA76325,2020년 9월 1일
604 서울,망원,62,https://www.instagram.com/p/CD56BT5JNao/,https://scontent-ssn1-1.cdninstagram.com/v/t51.2885-15/e35/117410986_151404483248187_6584584546121772972_n.jpg?_nc_ht=scontent-ssn1-1.cdninstagram.com&_nc_cat=103&_nc_ohc=D35bFNjAr3QAX-0LveQ&_nc_tp=18&oh=fb62b71be44737510b220fbbc6e85c76&oe=5FA5143D,2020년 8월 15일
비스트로 사랑방,홍대,45,https://www.instagram.com/p/CFYjAhBhQWD/,https://scontent-ssn1-1.cdninstagram.com/v/t51.2885-15/fr/e15/s1080x1080/119984021_990046248086892_5159678782795479771_n.jpg?_nc_ht=scontent-ssn1-1.cdninstagram.com&_nc_cat=100&_nc_ohc=keC-F_wFDcIAX_OGkfq&oh=a6b7adbbd213f567581b41bcb047f807&oe=5FA5C590,2020년 9월 21일
동화갈비,압구정,77,https://www.instagram.com/p/B1nyBQSJdnk/,https://scontent-ssn1-1.cdninstagram.com/v/t51.2885-15/e35/67890962_126238338347586_3411774026572665531_n.jpg?_nc_ht=scontent-ssn1-1.cdninstagram.com&_nc_cat=106&_nc_ohc=--zpEDdQqTUAX_ZwiSg&_nc_tp=18&oh=fba6856e951a168aaee0f4f70b112abb&oe=5FA5D5C3,2019년 8월 26일
백두강산,을지로,17,https://www.instagram.com/p/CC-IWwoppqH/,https://scontent-ssn1-1.cdninstagram.com/v/t51.2885-15/e35/115928524_930926867318624_8196128856543363267_n.jpg?_nc_ht=scontent-ssn1-1.cdninstagram.com&_nc_cat=108&_nc_ohc=cToTCtNfaJIAX9MOjxM&_nc_tp=18&oh=4173acf81978b212412a85fe2f70cab7&oe=5FA78F5D,2020년 7월 23일
연남테라스,연남,169,https://www.instagram.com/p/B1QniwoJlQW/,https://scontent-ssn1-1.cdninstagram.com/v/t51.2885-15/e35/67234488_494750591096597_984328888542715422_n.jpg?_nc_ht=scontent-ssn1-1.cdninstagram.com&_nc_cat=105&_nc_ohc=N6FElVw2uyEAX-vBDn8&_nc_tp=18&oh=52558b0391bfa49428ec6ef0c3cb3b3f&oe=5FA84BE3,2019년 8월 17일
ㅊa (Cha),Seongsu,123,https://www.instagram.com/p/B3uNbSkJbor/,https://scontent-ssn1-1.cdninstagram.com/v/t51.2885-15/e35/71519539_165410361275854_7034288321839991471_n.jpg?_nc_ht=scontent-ssn1-1.cdninstagram.com&_nc_cat=110&_nc_ohc=V17xFpXCSXAAX8n51TO&_nc_tp=18&oh=67578f1b9eaf379f4a2d558d5f47904f&oe=5FA79207,2019년 10월 17일
온천집,익선,62,https://www.instagram.com/p/CFW_d8PgZyf/,https://scontent-ssn1-1.cdninstagram.com/v/t51.2885-15/fr/e15/s1080x1080/119940417_2631201743814070_5255691061763099303_n.jpg?_nc_ht=scontent-ssn1-1.cdninstagram.com&_nc_cat=110&_nc_ohc=Lx6b0kvl1NsAX8ACJ8l&oh=2c6042e0b8b62e3309cb9a9505943d61&oe=5FA66B26,2020년 9월 20일
KYE-STORY,계고기집,82,https://www.instagram.com/p/BvOXzESlkxy/,https://scontent-ssn1-1.cdninstagram.com/v/t51.2885-15/e35/54277276_2310570765871463_9212928678479769008_n.jpg?_nc_ht=scontent-ssn1-1.cdninstagram.com&_nc_cat=111&_nc_ohc=_xJWpaBNF3wAX_AtToj&_nc_tp=18&oh=0ad0d7b01bc783d00c7a65833140b54c&oe=5FA58933,2019년 3월 20일
카페 키이로,혜화,27,https://www.instagram.com/p/CDJZoAbJesJ/,https://scontent-ssn1-1.cdninstagram.com/v/t51.2885-15/e35/115821026_708092629769587_6013412151276055485_n.jpg?_nc_ht=scontent-ssn1-1.cdninstagram.com&_nc_cat=107&_nc_ohc=Kr56LwhnijEAX-ogAUC&_nc_tp=18&oh=0d5d7efeddeba672131522c1a821f490&oe=5FA7EEA5,2020년 7월 27일
카페톤,성산동,66,https://www.instagram.com/p/B2AddPWJq9C/,https://scontent-ssn1-1.cdninstagram.com/v/t51.2885-15/e35/67361277_127873358503720_1129687239295078083_n.jpg?_nc_ht=scontent-ssn1-1.cdninstagram.com&_nc_cat=104&_nc_ohc=Bw2e08xB6xUAX9U3fXU&_nc_tp=18&oh=e59a4e6194acf3c573d54e811e0f491a&oe=5FA63AB4,2019년 9월 5일
도취,서촌,88,https://www.instagram.com/p/B-eqRr8J5Na/,https://scontent-ssn1-1.cdninstagram.com/v/t51.2885-15/e35/91504238_223174155422372_1411404462826120315_n.jpg?_nc_ht=scontent-ssn1-1.cdninstagram.com&_nc_cat=108&_nc_ohc=IQZJh78qlrEAX-jNix8&_nc_tp=18&oh=219ef0533de697d4497cb2773cb1c98d&oe=5FA72583,2020년 4월 2일
RPC,락페이퍼시저,70,https://www.instagram.com/p/Buk8Eafligk/,https://scontent-ssn1-1.cdninstagram.com/v/t51.2885-15/e35/52469449_532686863923122_8690530453264671049_n.jpg?_nc_ht=scontent-ssn1-1.cdninstagram.com&_nc_cat=106&_nc_ohc=Wkgt1P6HuSoAX-6OO8E&_nc_tp=18&oh=2feb03a51e641c37253bdfa8b5a4ccac&oe=5FA512B9,2019년 3월 4일
스와니예,반포,84,https://www.instagram.com/p/B47dl-FJ7CE/,https://scontent-ssn1-1.cdninstagram.com/v/t51.2885-15/e35/72906266_133567144723686_4961600189679007838_n.jpg?_nc_ht=scontent-ssn1-1.cdninstagram.com&_nc_cat=106&_nc_ohc=ujcp85i_RuYAX_DrS36&_nc_tp=18&oh=bd8ea2ab5668539634c0bd60ae25ba60&oe=5FA53364,2019년 11월 16일
바온하우스,연남,13,https://www.instagram.com/p/CC5g_LhJVbk/,https://scontent-ssn1-1.cdninstagram.com/v/t51.2885-15/e35/110044673_162558938683955_5306126409283716772_n.jpg?_nc_ht=scontent-ssn1-1.cdninstagram.com&_nc_cat=111&_nc_ohc=sKRdGVMEOAoAX-v1dTn&_nc_tp=18&oh=336d78f915ba9e585c3aff3de1b3009d&oe=5FA5307C,2020년 7월 21일
우카밥상,해방촌,136,https://www.instagram.com/p/B9rS9pLprVZ/,https://scontent-ssn1-1.cdninstagram.com/v/t51.2885-15/e35/89472289_1118788765121391_1163626534267622445_n.jpg?_nc_ht=scontent-ssn1-1.cdninstagram.com&_nc_cat=103&_nc_ohc=lXMgAC5H3KYAX85SpsY&_nc_tp=18&oh=fbb988767b52ddce1ef7c771c3fe8cc0&oe=5FA78887,2020년 3월 13일
4F,을지로,151,https://www.instagram.com/p/Bz3_ww1JEOA/,https://scontent-ssn1-1.cdninstagram.com/v/t51.2885-15/e35/62384307_159667588526361_260473005648506764_n.jpg?_nc_ht=scontent-ssn1-1.cdninstagram.com&_nc_cat=109&_nc_ohc=nlHmQIUDvcYAX-21a5p&_nc_tp=18&oh=da641611cbc481d38276e93d965080c4&oe=5FA56384,2019년 7월 14일
플랜트,이태원,44,https://www.instagram.com/p/CDqeFN_pdpX/,https://scontent-ssn1-1.cdninstagram.com/v/t51.2885-15/e35/117516624_3064945533558865_3293329787820010007_n.jpg?_nc_ht=scontent-ssn1-1.cdninstagram.com&_nc_cat=101&_nc_ohc=DkWM5UddKzwAX-6i3W-&_nc_tp=18&oh=83130a15f7f7cc60c9971331b521ddef&oe=5FA67757,2020년 8월 9일
ILHOCHIC,일호식,85,https://www.instagram.com/p/BvLC1DDFl_w/,https://scontent-ssn1-1.cdninstagram.com/v/t51.2885-15/e35/51936975_328237344497593_4453256571726454185_n.jpg?_nc_ht=scontent-ssn1-1.cdninstagram.com&_nc_cat=101&_nc_ohc=rHKWZ-7hCsQAX8QGeAw&_nc_tp=18&oh=a986a50bacc893d480c10f450a187a7a&oe=5FA7C8AE,2019년 3월 19일
야키토리 묵,연남동,111,https://www.instagram.com/p/Bzxj_Cnpbnr/,https://scontent-ssn1-1.cdninstagram.com/v/t51.2885-15/e35/66357997_127903011793170_5379868659512293483_n.jpg?_nc_ht=scontent-ssn1-1.cdninstagram.com&_nc_cat=106&_nc_ohc=NqtZYE2w9_MAX9zHIZZ&_nc_tp=18&oh=103d486514e8f18c33df6296449e6783&oe=5FA6FE54,2019년 7월 11일
하이포테이토,서강대,102,https://www.instagram.com/p/B6auhV8JnpQ/,https://scontent-ssn1-1.cdninstagram.com/v/t51.2885-15/e35/80317668_572702606611600_4375776952533341853_n.jpg?_nc_ht=scontent-ssn1-1.cdninstagram.com&_nc_cat=104&_nc_ohc=9x_eP5S9OuQAX-3YbQX&_nc_tp=18&oh=ca0d84a40ec892eab5cb2d9095bc0a3c&oe=5FA55284,2019년 12월 23일
뿌리온더플레이트,북촌,102,https://www.instagram.com/p/B8jNqC6JBd-/,https://scontent-ssn1-1.cdninstagram.com/v/t51.2885-15/e35/84155252_539991706724336_7167121363986963545_n.jpg?_nc_ht=scontent-ssn1-1.cdninstagram.com&_nc_cat=108&_nc_ohc=am4n6UN-BUEAX_R-2qk&_nc_tp=18&oh=c0243a0c0cb297c58aa0aadcd5cdbf33&oe=5FA5ED50,2020년 2월 14일
퍼셉션 커피,합정,140,https://www.instagram.com/p/B5HT_6EJR9F/,https://scontent-ssn1-1.cdninstagram.com/v/t51.2885-15/e35/74627674_548240695966627_4352145262198011833_n.jpg?_nc_ht=scontent-ssn1-1.cdninstagram.com&_nc_cat=107&_nc_ohc=AtGpyZT8SBgAX_CQfcu&_nc_tp=18&oh=3ba228dba6892f37837ceb5028f466e3&oe=5FA7D805,2019년 11월 21일
파이브 익스트랙츠,성북동,47,https://www.instagram.com/p/CD0NfzQpV5W/,https://scontent-ssn1-1.cdninstagram.com/v/t51.2885-15/e35/117372291_744552446329461_4845603946819382379_n.jpg?_nc_ht=scontent-ssn1-1.cdninstagram.com&_nc_cat=109&_nc_ohc=jCcrkjkx5asAX86IrTd&_nc_tp=18&oh=2c15dcbf0ba906c7d256232592dcf005&oe=5FA877EE,2020년 8월 13일
도이농,을지로,76,https://www.instagram.com/p/CASj7TUpwlh/,https://scontent-ssn1-1.cdninstagram.com/v/t51.2885-15/e35/98338102_663258880886506_135523809739103441_n.jpg?_nc_ht=scontent-ssn1-1.cdninstagram.com&_nc_cat=110&_nc_ohc=Gu_SNZMCdQQAX9ODWYm&_nc_tp=18&oh=1ff9fef89dfc6ca10b25053443c94414&oe=5FA8099F,2020년 5월 17일
THE BAKERS,더 베이커스 테이블,75,https://www.instagram.com/p/BvNEm0YFUhh/,https://scontent-ssn1-1.cdninstagram.com/v/t51.2885-15/e35/53123397_1289644024535841_8739493870897727185_n.jpg?_nc_ht=scontent-ssn1-1.cdninstagram.com&_nc_cat=109&_nc_ohc=LZtIowp2ug8AX_KtpAB&_nc_tp=18&oh=118abec6ce7284c6812a70c73229ef9e&oe=5FA7C6E9,2019년 3월 20일
코런트,북촌,44,https://www.instagram.com/p/CDjIyFpJ2i1/,https://scontent-ssn1-1.cdninstagram.com/v/t51.2885-15/e35/117000832_243837673248580_1546392101354291083_n.jpg?_nc_ht=scontent-ssn1-1.cdninstagram.com&_nc_cat=104&_nc_ohc=bE63FO9XNwYAX-32GMF&_nc_tp=18&oh=3e4bcaaaff88f945ff30b8e0ff1923f6&oe=5FA5B399,2020년 8월 6일
퍼셉션 커피,합정,38,https://www.instagram.com/p/CFbf1zbj8QG/,https://scontent-ssn1-1.cdninstagram.com/v/t51.2885-15/fr/e15/s1080x1080/119944369_1262396174127348_8216199052437644513_n.jpg?_nc_ht=scontent-ssn1-1.cdninstagram.com&_nc_cat=100&_nc_ohc=BMhnH_DbBMUAX-lEDAH&oh=8e5d6bd70bdea4d655b7efb1f3e33b94&oe=5FA83891,2020년 9월 22일
어라운지,선유도,29,https://www.instagram.com/p/CDgIDD3p9xk/,https://scontent-ssn1-1.cdninstagram.com/v/t51.2885-15/e35/117146656_294406138320699_6411591551753233561_n.jpg?_nc_ht=scontent-ssn1-1.cdninstagram.com&_nc_cat=103&_nc_ohc=NuHSjwL9ISUAX8Hywyl&_nc_tp=18&oh=896fd444ac6894d1833a6fd5518a6d43&oe=5FA83265,2020년 8월 5일
원스타 올드패션드 햄버거,도곡,36,https://www.instagram.com/p/CFKHd7HFXl3/,https://scontent-ssn1-1.cdninstagram.com/v/t51.2885-15/fr/e15/p1080x1080/119454235_1270213643332989_1300558364415905189_n.jpg?_nc_ht=scontent-ssn1-1.cdninstagram.com&_nc_cat=109&_nc_ohc=WNUbjs13jo0AX_gvr-p&oh=a2f608b641e7d9253bfb08ef3c864a67&oe=5FA561B6,2020년 9월 15일
서촌음료연구소,누하동,49,https://www.instagram.com/p/CEiiaK6Dkbe/,https://scontent-ssn1-1.cdninstagram.com/v/t51.2885-15/fr/e15/s1080x1080/118511307_786293352132495_2868693520160248578_n.jpg?_nc_ht=scontent-ssn1-1.cdninstagram.com&_nc_cat=103&_nc_ohc=HVRi3qSRdlUAX8HlEof&oh=0356d580d9798184242ba3d0e4d6297d&oe=5FA60551,2020년 8월 31일
페더커피,길동,109,https://www.instagram.com/p/CAhvXzAJAXt/,https://scontent-ssn1-1.cdninstagram.com/v/t51.2885-15/e35/100494201_238528150785954_4695030802194551163_n.jpg?_nc_ht=scontent-ssn1-1.cdninstagram.com&_nc_cat=106&_nc_ohc=SpriUZsRpWYAX8ztaMr&_nc_tp=18&oh=9692e36063ec21beed330efc8f5ef8f6&oe=5FA7FE70,2020년 5월 23일
든든,성수,84,https://www.instagram.com/p/B-ttbmXJ50u/,https://scontent-ssn1-1.cdninstagram.com/v/t51.2885-15/e35/92750525_647139369180793_9082275065602398756_n.jpg?_nc_ht=scontent-ssn1-1.cdninstagram.com&_nc_cat=101&_nc_ohc=kunxWuPT9eAAX-uBYkj&_nc_tp=18&oh=62db2e1c82ae399a4dd63f820259f7e8&oe=5FA7E267,2020년 4월 8일
헤르만의 정원,서촌 ,74,https://www.instagram.com/p/B4BnmtFpuPq/,https://scontent-ssn1-1.cdninstagram.com/v/t51.2885-15/e35/71250368_157719801992029_1559181424980376991_n.jpg?_nc_ht=scontent-ssn1-1.cdninstagram.com&_nc_cat=101&_nc_ohc=WlawttpkJRUAX_caASk&_nc_tp=18&oh=e8d5c8a87d8de04b7128080ec6315426&oe=5FA81E28,2019년 10월 25일
로만테이,압구정,132,https://www.instagram.com/p/B5AnZreJ_DI/,https://scontent-ssn1-1.cdninstagram.com/v/t51.2885-15/e35/74595927_155926778975404_8730324161976922666_n.jpg?_nc_ht=scontent-ssn1-1.cdninstagram.com&_nc_cat=104&_nc_ohc=PNcMzFMxfwIAX9Q2eqV&_nc_tp=18&oh=f5cd503589884a29b0d68422e2dddded&oe=5FA867C2,2019년 11월 18일
카페 타자기,해방촌,201,https://www.instagram.com/p/B3Hfj1nJOnt/,https://scontent-ssn1-1.cdninstagram.com/v/t51.2885-15/e35/69690314_449819482297640_3091416762169525509_n.jpg?_nc_ht=scontent-ssn1-1.cdninstagram.com&_nc_cat=108&_nc_ohc=CQSVOKGVuxsAX81Lwks&_nc_tp=18&oh=dfbda547da2fca2b39571c367f03faea&oe=5FA799F1,2019년 10월 2일
카페 로비,교대,38,https://www.instagram.com/p/CFTmA_inV-p/,https://scontent-ssn1-1.cdninstagram.com/v/t51.2885-15/fr/e15/p1080x1080/119867559_2702923276621250_2011141852166376806_n.jpg?_nc_ht=scontent-ssn1-1.cdninstagram.com&_nc_cat=102&_nc_ohc=kBf60qhHsaIAX8RBa2I&oh=3c4c9bb3415ee54fcb7d1e0e35bee376&oe=5FA7074D,2020년 9월 19일
숙녀미용실,종로,45,https://www.instagram.com/p/CFECbLSgqIs/,https://scontent-ssn1-1.cdninstagram.com/v/t51.2885-15/fr/e15/s1080x1080/119222182_1189303624781070_304840445080803468_n.jpg?_nc_ht=scontent-ssn1-1.cdninstagram.com&_nc_cat=106&_nc_ohc=KhfNUyTQ23kAX-3azbF&oh=416a58336d0c2ebec6859c97c77f7498&oe=5FA84F79,2020년 9월 13일
Matchacha,맛차차,130,https://www.instagram.com/p/BvASM-8Fef9/,https://scontent-ssn1-1.cdninstagram.com/v/t51.2885-15/e35/53333591_392476721565612_7514820949325544472_n.jpg?_nc_ht=scontent-ssn1-1.cdninstagram.com&_nc_cat=100&_nc_ohc=fzUfeRRXHwYAX_03q5i&_nc_tp=18&oh=118365c774447434e7c53844d6e9bcbb&oe=5FA4E889,2019년 3월 15일
필수,흑석동,136,https://www.instagram.com/p/B4C1bVTpbsS/,https://scontent-ssn1-1.cdninstagram.com/v/t51.2885-15/e35/72638332_477904049479161_8416912015764989726_n.jpg?_nc_ht=scontent-ssn1-1.cdninstagram.com&_nc_cat=109&_nc_ohc=zVKmO0ENnp4AX-grNdN&_nc_tp=18&oh=48946989d796770dc7646c14b77ec9c2&oe=5FA579AA,2019년 10월 25일
빠르크,한남동,39,https://www.instagram.com/p/CDiNPdfpo5O/,https://scontent-ssn1-1.cdninstagram.com/v/t51.2885-15/e35/116793122_215080439891154_4963963638457225873_n.jpg?_nc_ht=scontent-ssn1-1.cdninstagram.com&_nc_cat=106&_nc_ohc=5dL7eUq_FngAX-ToRCK&_nc_tp=18&oh=59fbbb0072473bcfeb227872cd703f67&oe=5FA7AEFC,2020년 8월 6일
분카샤,충무로,53,https://www.instagram.com/p/CEYzRoyh3TM/,https://scontent-ssn1-1.cdninstagram.com/v/t51.2885-15/fr/e15/p1080x1080/118311227_703979910155550_450815706798626154_n.jpg?_nc_ht=scontent-ssn1-1.cdninstagram.com&_nc_cat=106&_nc_ohc=u822LO9sS94AX_hWi2m&oh=c6f25884fada0bc1385f45c87666d926&oe=5FA50ECF,2020년 8월 27일
폴트버거,압구정,72,https://www.instagram.com/p/CA2NP_1p_fD/,https://scontent-ssn1-1.cdninstagram.com/v/t51.2885-15/e35/101024550_348980476077187_8788112016570820052_n.jpg?_nc_ht=scontent-ssn1-1.cdninstagram.com&_nc_cat=107&_nc_ohc=ww-yEMYhvuUAX8GQ8tU&_nc_tp=18&oh=55ae3ee34c26684581a88c209f081a35&oe=5FA85AEB,2020년 5월 31일
빅토리아베이커리,성수,112,https://www.instagram.com/p/CEReDFtlgL1/,https://scontent-ssn1-1.cdninstagram.com/v/t51.2885-15/fr/e15/p1080x1080/118084714_2385757278398551_7989196309461809960_n.jpg?_nc_ht=scontent-ssn1-1.cdninstagram.com&_nc_cat=107&_nc_ohc=V3yCQyVUnNIAX_WzrH8&oh=670ddbb35dac0ba3ede6b39180b67a7a&oe=5FA7980C,2020년 8월 24일
녁,을지로,50,https://www.instagram.com/p/CD3WZ2QpYpW/,https://scontent-ssn1-1.cdninstagram.com/v/t51.2885-15/e35/117564948_192242565583338_3092069192745969087_n.jpg?_nc_ht=scontent-ssn1-1.cdninstagram.com&_nc_cat=106&_nc_ohc=VIReF54aP9EAX_-8UM4&_nc_tp=18&oh=856a616abf9353f1a088c17ece207bb1&oe=5FA4D6A9,2020년 8월 14일
오복수산,한남동,114,https://www.instagram.com/p/B5Soh2apfn-/,https://scontent-ssn1-1.cdninstagram.com/v/t51.2885-15/e35/72228446_197499154620980_982338407210361747_n.jpg?_nc_ht=scontent-ssn1-1.cdninstagram.com&_nc_cat=108&_nc_ohc=drqCgamfaIUAX9u5FEY&_nc_tp=18&oh=1c59b27ca369e0228d6435b7c3d3acf4&oe=5FA5CF72,2019년 11월 25일
딥블루레이크,망원점,17,https://www.instagram.com/p/CDBrmk9JAwj/,https://scontent-ssn1-1.cdninstagram.com/v/t51.2885-15/e35/115609337_286267675772469_4768815932342634039_n.jpg?_nc_ht=scontent-ssn1-1.cdninstagram.com&_nc_cat=109&_nc_ohc=1nUPnD-fPIwAX8a7XY7&_nc_tp=18&oh=abc2b0254b99985032e80e091f7691a3&oe=5FA8288E,2020년 7월 24일
오리앙떼,한남동,17,https://www.instagram.com/p/CCQ0aRzJsuT/,https://scontent-ssn1-1.cdninstagram.com/v/t51.2885-15/e35/106735390_2988138591285272_6514688439870527074_n.jpg?_nc_ht=scontent-ssn1-1.cdninstagram.com&_nc_cat=108&_nc_ohc=BwFjVxjQJpUAX9Y_Tpf&_nc_tp=18&oh=bfaaf38becc0f3efb14cfba72e7a896c&oe=5FA5D41A,2020년 7월 5일
장미로타리크럽,상수,174,https://www.instagram.com/p/B0PKY5MJ4SM/,https://scontent-ssn1-1.cdninstagram.com/v/t51.2885-15/e35/65952852_409900372975545_6283658401174887455_n.jpg?_nc_ht=scontent-ssn1-1.cdninstagram.com&_nc_cat=109&_nc_ohc=atAKzHXYmGAAX9rxY7b&_nc_tp=18&oh=ac252685bd5265445711a8cd7796ff1e&oe=5FA609C9,2019년 7월 23일
모티프 커피바,합정,13,https://www.instagram.com/p/CC28aZYpYyh/,https://scontent-ssn1-1.cdninstagram.com/v/t51.2885-15/e35/110223949_2401727023453525_4526341615752657367_n.jpg?_nc_ht=scontent-ssn1-1.cdninstagram.com&_nc_cat=101&_nc_ohc=LVJUrrI8AycAX82-JRH&_nc_tp=18&oh=9e37216fd97053d282e55e8327d9a59f&oe=5FA5BC51,2020년 7월 20일
그레이랩,합정,134,https://www.instagram.com/p/B-1i3jXp_In/,https://scontent-ssn1-1.cdninstagram.com/v/t51.2885-15/e35/93344969_582205382381158_6609966503011885560_n.jpg?_nc_ht=scontent-ssn1-1.cdninstagram.com&_nc_cat=110&_nc_ohc=ObfgO2plRfEAX8MFToZ&_nc_tp=18&oh=1bfff32dfbd8c26a5a22dd6d86207732&oe=5FA5871D,2020년 4월 11일
에이스 포 클럽,을지로,68,https://www.instagram.com/p/CEL6o8ThZDw/,https://scontent-ssn1-1.cdninstagram.com/v/t51.2885-15/fr/e15/s1080x1080/118265512_1004601429976084_6348685860399344298_n.jpg?_nc_ht=scontent-ssn1-1.cdninstagram.com&_nc_cat=104&_nc_ohc=MYfxx8Evlp8AX8TrXVv&oh=10ca948e43e87471c6b8d9f6d8323771&oe=5FA8433A,2020년 8월 22일
카페 아르크,서촌,240,https://www.instagram.com/p/ByjA7aMJt_c/,https://scontent-ssn1-1.cdninstagram.com/v/t51.2885-15/e35/61830254_392260934831616_7898428398198042912_n.jpg?_nc_ht=scontent-ssn1-1.cdninstagram.com&_nc_cat=100&_nc_ohc=qvvWmn5-cgcAX_JmU87&_nc_tp=18&oh=27fe1fca4fd5f40f3cf2de8d0a431bb0&oe=5FA80474,2019년 6월 11일
온기정,압구정,181,https://www.instagram.com/p/Bz2fbgApq_Z/,https://scontent-ssn1-1.cdninstagram.com/v/t51.2885-15/e35/65428515_333800614217154_20840276026577049_n.jpg?_nc_ht=scontent-ssn1-1.cdninstagram.com&_nc_cat=106&_nc_ohc=zAIqdhTjZI4AX_aLfRr&_nc_tp=18&oh=cbc5aecad3cda41fb755a5c071f0ac0d&oe=5FA6548A,2019년 7월 13일
어니언,안국점,20,https://www.instagram.com/p/CDYqBxDJGjw/,https://scontent-ssn1-1.cdninstagram.com/v/t51.2885-15/e35/116281666_382894602688853_8176641220229863238_n.jpg?_nc_ht=scontent-ssn1-1.cdninstagram.com&_nc_cat=105&_nc_ohc=8pWaPgd4ZksAX-H3KmX&_nc_tp=18&oh=14a59010fff8ee9cf2963b88d6ed89f8&oe=5FA4F93E,2020년 8월 2일
WOORAHMAN,우라만 ,71,https://www.instagram.com/p/BvIJC4IlkNz/,https://scontent-ssn1-1.cdninstagram.com/v/t51.2885-15/e35/53280757_126115401808006_6934194993892537007_n.jpg?_nc_ht=scontent-ssn1-1.cdninstagram.com&_nc_cat=110&_nc_ohc=UE0nhhWtvLQAX_P4V20&_nc_tp=18&oh=95b8499e8d6731276cedb57fdbb605ff&oe=5FA89C26,2019년 3월 18일
뱃놈,어린이대공원,121,https://www.instagram.com/p/B2bSxsSp0kW/,https://scontent-ssn1-1.cdninstagram.com/v/t51.2885-15/e35/69562047_165771191208847_3321842654025856829_n.jpg?_nc_ht=scontent-ssn1-1.cdninstagram.com&_nc_cat=107&_nc_ohc=wMla7OnDHZoAX8IzDtG&_nc_tp=18&oh=92da65c685c4f05eff26d2097d5a5874&oe=5FA67319,2019년 9월 15일
홍롱롱,익선동,218,https://www.instagram.com/p/B1s8fdxpqK1/,https://scontent-ssn1-1.cdninstagram.com/v/t51.2885-15/e35/67821247_740342593087255_1803291214103528193_n.jpg?_nc_ht=scontent-ssn1-1.cdninstagram.com&_nc_cat=107&_nc_ohc=eIBZVsXxL8gAX-iCylt&_nc_tp=18&oh=7e01b633aa2a2be53d939a61ab135ef9&oe=5FA8277E,2019년 8월 28일
식물관PH,수서동,123,https://www.instagram.com/p/B1AGLhxpihR/,https://scontent-ssn1-1.cdninstagram.com/v/t51.2885-15/e35/68866464_423437778260307_4663281441749037112_n.jpg?_nc_ht=scontent-ssn1-1.cdninstagram.com&_nc_cat=103&_nc_ohc=diX11--dhUEAX9ycYjL&_nc_tp=18&oh=aadfdcbe76bd73c2a40a5f27fc1ff86f&oe=5FA61B52,2019년 8월 11일
틈,익선동,253,https://www.instagram.com/p/ByWJ4LSp5Ys/,https://scontent-ssn1-1.cdninstagram.com/v/t51.2885-15/e35/60412736_140576527008634_5763521087769367294_n.jpg?_nc_ht=scontent-ssn1-1.cdninstagram.com&_nc_cat=110&_nc_ohc=9fm5tl6KLAUAX9_GRcw&_nc_tp=18&oh=d4c4980c7ca103dd4c49bb48294ec24f&oe=5FA55492,2019년 6월 6일
비전화카페,불광,149,https://www.instagram.com/p/B7LqisTJ4uy/,https://scontent-ssn1-1.cdninstagram.com/v/t51.2885-15/e35/72779643_1132791850446175_973712544776316098_n.jpg?_nc_ht=scontent-ssn1-1.cdninstagram.com&_nc_cat=107&_nc_ohc=2GbPUMvk1McAX82rV0K&_nc_tp=18&oh=c62fb3429b79f2012e4c1cb48161d2e0&oe=5FA54C49,2020년 1월 11일
쌉,경리단길,101,https://www.instagram.com/p/B6DkGrVp8K7/,https://scontent-ssn1-1.cdninstagram.com/v/t51.2885-15/e35/79934533_165071411368179_4358849531937978154_n.jpg?_nc_ht=scontent-ssn1-1.cdninstagram.com&_nc_cat=103&_nc_ohc=J0JvjzXRLtIAX8zt0W7&_nc_tp=18&oh=1e852bc32f7213f9ced6cb18827e3022&oe=5FA71754,2019년 12월 14일
horangiicoffe,호랑이커피,117,https://www.instagram.com/p/BvVOX9tFcpD/,https://scontent-ssn1-1.cdninstagram.com/v/t51.2885-15/e35/51858292_2717972984909772_1961102197541600650_n.jpg?_nc_ht=scontent-ssn1-1.cdninstagram.com&_nc_cat=100&_nc_ohc=snkFF9yyxbUAX_5Hx2W&_nc_tp=18&oh=ad2d188ec488b1207ee527b7367dc3e0&oe=5FA6D32B,2019년 3월 23일
몽련,성수,157,https://www.instagram.com/p/B2GrlEipo6m/,https://scontent-ssn1-1.cdninstagram.com/v/t51.2885-15/e35/69283374_176283110082683_5934914808865349557_n.jpg?_nc_ht=scontent-ssn1-1.cdninstagram.com&_nc_cat=111&_nc_ohc=iWCc9b5Ld1cAX8sZorY&_nc_tp=18&oh=be51cebe49be944c4a780dd35c7041b4&oe=5FA5A938,2019년 9월 7일
mtl 모어덴레스,한남,35,https://www.instagram.com/p/CD1LEN_pP_K/,https://scontent-ssn1-1.cdninstagram.com/v/t51.2885-15/e35/117374018_742828943174275_4767867577967542596_n.jpg?_nc_ht=scontent-ssn1-1.cdninstagram.com&_nc_cat=107&_nc_ohc=0yhJLheVSDwAX-zyRb_&_nc_tp=18&oh=97922a28fb37c28ccafe45741e0862b2&oe=5FA59D53,2020년 8월 13일
묘사서울,성수,176,https://www.instagram.com/p/B9MZaQdJqCP/,https://scontent-ssn1-1.cdninstagram.com/v/t51.2885-15/e35/88345988_193906301920836_3308225914942279574_n.jpg?_nc_ht=scontent-ssn1-1.cdninstagram.com&_nc_cat=100&_nc_ohc=JS9DyjSMfaYAX-2ka0T&_nc_tp=18&oh=7b57cadcc92313642839d6388a995685&oe=5FA66A6C,2020년 3월 1일
온기정,압구정,56,https://www.instagram.com/p/CELWlyHBA8u/,https://scontent-ssn1-1.cdninstagram.com/v/t51.2885-15/fr/e15/s1080x1080/118085641_937584680088374_7870596442697825665_n.jpg?_nc_ht=scontent-ssn1-1.cdninstagram.com&_nc_cat=102&_nc_ohc=V0489UGx7koAX8apQoO&oh=15ae0adde2a0822b7b1a33c56d6d39bf&oe=5FA56B1A,2020년 8월 22일
우래옥,을지로,46,https://www.instagram.com/p/CEUC057n2d4/,https://scontent-ssn1-1.cdninstagram.com/v/t51.2885-15/fr/e15/s1080x1080/118139443_175559820744301_3134893423705728294_n.jpg?_nc_ht=scontent-ssn1-1.cdninstagram.com&_nc_cat=101&_nc_ohc=iv7FovpVCDQAX9cFpSA&oh=c5b8c40e54735f3229390e8ac2423341&oe=5FA7D279,2020년 8월 25일
에잇디 서울,압구정로데오,33,https://www.instagram.com/p/CEjfmpoBchd/,https://scontent-ssn1-1.cdninstagram.com/v/t51.2885-15/fr/e15/s1080x1080/118637768_1413438942184874_3881412974358010224_n.jpg?_nc_ht=scontent-ssn1-1.cdninstagram.com&_nc_cat=102&_nc_ohc=c8J58lyHKdcAX92sVf4&oh=4650af36e705cf43409cc08e23689d5f&oe=5FA578C3,2020년 8월 31일
내자상회,서촌,132,https://www.instagram.com/p/B1M9I-eJxGE/,https://scontent-ssn1-1.cdninstagram.com/v/t51.2885-15/e35/67342756_1104151379768581_6414305420059979962_n.jpg?_nc_ht=scontent-ssn1-1.cdninstagram.com&_nc_cat=101&_nc_ohc=-6zO4B7r9FkAX_qZnJ0&_nc_tp=18&oh=9496ae4f22866ae22e3757ea796e43ea&oe=5FA7484B,2019년 8월 16일
EROLPA,에롤파,100,https://www.instagram.com/p/BvFOLhEFjk4/,https://scontent-ssn1-1.cdninstagram.com/v/t51.2885-15/e35/54247741_326764574645180_2948775080956952415_n.jpg?_nc_ht=scontent-ssn1-1.cdninstagram.com&_nc_cat=108&_nc_ohc=aL3F2DPFzM0AX8xhsBF&_nc_tp=18&oh=fdd226e4454d1e196d70bb5a35e7af0c&oe=5FA575C2,2019년 3월 17일
밀즈앤모어,잠원동,87,https://www.instagram.com/p/CAASplrJXUy/,https://scontent-ssn1-1.cdninstagram.com/v/t51.2885-15/e35/97158671_185015266381632_266383924267183576_n.jpg?_nc_ht=scontent-ssn1-1.cdninstagram.com&_nc_cat=100&_nc_ohc=uPS0yp_YXq4AX_YHy2u&_nc_tp=18&oh=70ab3ae38ae259e313af6b6bc5bef91f&oe=5FA6752E,2020년 5월 10일
살라댕 방콕,익선동,44,https://www.instagram.com/p/CEf-IqvhNvV/,https://scontent-ssn1-1.cdninstagram.com/v/t51.2885-15/fr/e15/s1080x1080/118624727_1007777343007440_7562517095810787403_n.jpg?_nc_ht=scontent-ssn1-1.cdninstagram.com&_nc_cat=100&_nc_ohc=hDsEbZL5Dz8AX8RKJaw&oh=dc4aceaeffe51c5bbfd79ed5f3d6b521&oe=5FA54DE8,2020년 8월 30일
베어 카페,서촌,53,https://www.instagram.com/p/CDslAsdpy3i/,https://scontent-ssn1-1.cdninstagram.com/v/t51.2885-15/e35/117345940_630511214533496_4303947200822533064_n.jpg?_nc_ht=scontent-ssn1-1.cdninstagram.com&_nc_cat=108&_nc_ohc=cRXQCv8keRwAX_ApHHA&_nc_tp=18&oh=5a283aa6032103cfc6a78c9baca44f48&oe=5FA72B50,2020년 8월 10일
동병상련,성북동,111,https://www.instagram.com/p/B2rKeoDpTWX/,https://scontent-ssn1-1.cdninstagram.com/v/t51.2885-15/e35/70744729_799932480443523_1327634967271300217_n.jpg?_nc_ht=scontent-ssn1-1.cdninstagram.com&_nc_cat=103&_nc_ohc=aq6HFWUZH08AX9fw0Ln&_nc_tp=18&oh=72227e8129cc10196e66dd37e4e0117b&oe=5FA62FAF,2019년 9월 21일
머머,석촌,90,https://www.instagram.com/p/B04WrY1p1ec/,https://scontent-ssn1-1.cdninstagram.com/v/t51.2885-15/e35/66393293_1215506551965109_8926690356829604939_n.jpg?_nc_ht=scontent-ssn1-1.cdninstagram.com&_nc_cat=101&_nc_ohc=CF4p9I5noNsAX8AIC-Q&_nc_tp=18&oh=feed220b64987f38772a8f032a9e8e7e&oe=5FA560DC,2019년 8월 8일
교양식사,한남동,80,https://www.instagram.com/p/B5VOBi-p88a/,https://scontent-ssn1-1.cdninstagram.com/v/t51.2885-15/e35/74618209_529326654576973_6694447200777558479_n.jpg?_nc_ht=scontent-ssn1-1.cdninstagram.com&_nc_cat=101&_nc_ohc=ILeK5JO4bAAAX_IhYYf&_nc_tp=18&oh=b69eaa09a73ce8635ade28b7037bc63e&oe=5FA78229,2019년 11월 26일
할아버지공장,성수,66,https://www.instagram.com/p/CEtyyA4JBlB/,https://scontent-ssn1-1.cdninstagram.com/v/t51.2885-15/fr/e15/p1080x1080/118645295_440964640152124_1274122683744312956_n.jpg?_nc_ht=scontent-ssn1-1.cdninstagram.com&_nc_cat=104&_nc_ohc=ortlUZzet4IAX_0qRzq&oh=ca6af463ab0827154324b0e46677c93b&oe=5FA78565,2020년 9월 4일
녹기 전에 밤,익선동,122,https://www.instagram.com/p/B1zmhBMJhTr/,https://scontent-ssn1-1.cdninstagram.com/v/t51.2885-15/e35/69601129_415179265776717_3739795198752897669_n.jpg?_nc_ht=scontent-ssn1-1.cdninstagram.com&_nc_cat=109&_nc_ohc=o08c-ypyHaUAX9fF1wg&_nc_tp=18&oh=14593a244491669a5af0f63908e89d27&oe=5FA54D7E,2019년 8월 31일
피크니크,선유도,51,https://www.instagram.com/p/CD3vQbXJXNM/,https://scontent-ssn1-1.cdninstagram.com/v/t51.2885-15/e35/117471882_301583114604583_4451030034594584165_n.jpg?_nc_ht=scontent-ssn1-1.cdninstagram.com&_nc_cat=107&_nc_ohc=rYNRcoZ-zZoAX_CRxq5&_nc_tp=18&oh=798eb0cd3fa81655d4aa3708293665ff&oe=5FA575B1,2020년 8월 14일
공기식당,서촌,126,https://www.instagram.com/p/ByZys1NJ56b/,https://scontent-ssn1-1.cdninstagram.com/v/t51.2885-15/e35/62171240_303680570584240_2783701204459112341_n.jpg?_nc_ht=scontent-ssn1-1.cdninstagram.com&_nc_cat=104&_nc_ohc=MCUik3iLZW8AX-KLhKC&_nc_tp=18&oh=311d9d577ac573f262620df79d7b3f00&oe=5FA7E4DC,2019년 6월 7일
플로,녹번,89,https://www.instagram.com/p/B08DmvfJA1F/,https://scontent-ssn1-1.cdninstagram.com/v/t51.2885-15/e35/67706988_805576679918387_1605520834063269987_n.jpg?_nc_ht=scontent-ssn1-1.cdninstagram.com&_nc_cat=111&_nc_ohc=lKHXp8rtrKMAX9-pCOD&_nc_tp=18&oh=b155baf315e759b5bc65c472d4b10bbb&oe=5FA70195,2019년 8월 9일
라무라 라멘,을지로,125,https://www.instagram.com/p/B65rnbGp3tU/,https://scontent-ssn1-1.cdninstagram.com/v/t51.2885-15/e35/80124466_599656010862624_5698934858644783373_n.jpg?_nc_ht=scontent-ssn1-1.cdninstagram.com&_nc_cat=100&_nc_ohc=ggNs120ckFMAX-9aq3J&_nc_tp=18&oh=07b9866fe93764f55a354e45f0066d9c&oe=5FA517DE,2020년 1월 4일
에이스 포 클럽,을지로,258,https://www.instagram.com/p/Bzz6XDtJtB-/,https://scontent-ssn1-1.cdninstagram.com/v/t51.2885-15/e35/66492493_232931887677966_652824445652223433_n.jpg?_nc_ht=scontent-ssn1-1.cdninstagram.com&_nc_cat=106&_nc_ohc=kZfac-Gyo4AAX8IvgPN&_nc_tp=18&oh=9955bab42539c1e558483f215ce58584&oe=5FA6658A,2019년 7월 12일
온량,성수 석촌,24,https://www.instagram.com/p/CDIceIrpXfw/,https://scontent-ssn1-1.cdninstagram.com/v/t51.2885-15/e35/116521828_3426583597393849_4087579013807399875_n.jpg?_nc_ht=scontent-ssn1-1.cdninstagram.com&_nc_cat=101&_nc_ohc=nhsdE82VaSgAX862IWv&_nc_tp=18&oh=5ae12694f8087c1e0c51702aae28a1e2&oe=5FA5A543,2020년 7월 27일
숙녀미용실,운니동,98,https://www.instagram.com/p/B1Pi6gmFrYZ/,https://scontent-ssn1-1.cdninstagram.com/v/t51.2885-15/e35/66647949_419099972043184_939053628601636427_n.jpg?_nc_ht=scontent-ssn1-1.cdninstagram.com&_nc_cat=104&_nc_ohc=bQmHISqe364AX9OVPmr&_nc_tp=18&oh=fe57cab69c911dc4d793b6201bf5dd9e&oe=5FA723C0,2019년 8월 17일
식물관PH,수서동,46,https://www.instagram.com/p/CFOVjjmggS1/,https://scontent-ssn1-1.cdninstagram.com/v/t51.2885-15/fr/e15/s1080x1080/119603300_682372155963283_3912487225474973463_n.jpg?_nc_ht=scontent-ssn1-1.cdninstagram.com&_nc_cat=107&_nc_ohc=wkMMrC4qHwgAX9NCyRM&oh=5384c28be7cab2cfd2c2b1984ec29200&oe=5FA51E54,2020년 9월 17일
익선잡방,익선동,47,https://www.instagram.com/p/CE-4Nk8pqX7/,https://scontent-ssn1-1.cdninstagram.com/v/t51.2885-15/fr/e15/s1080x1080/119044125_653941262215968_8397075885023778863_n.jpg?_nc_ht=scontent-ssn1-1.cdninstagram.com&_nc_cat=100&_nc_ohc=U8SkH5GA2cYAX9aRs28&oh=5ce0aa580af5382ff3bf9b777812a3c4&oe=5FA4EE0D,2020년 9월 11일
호랑이식당,강남,31,https://www.instagram.com/p/CDyRfbYpfBE/,https://scontent-ssn1-1.cdninstagram.com/v/t51.2885-15/e35/117310505_124405029358086_7312912988341764991_n.jpg?_nc_ht=scontent-ssn1-1.cdninstagram.com&_nc_cat=106&_nc_ohc=QNGPyrNAuIwAX85D-6V&_nc_tp=18&oh=05684df98eafa0ef3eb83ba7c43ab22e&oe=5FA7DC4A,2020년 8월 12일
COFFEE HANYAKBANG,커피한약방,90,https://www.instagram.com/p/Bu_a6P9FtE6/,https://scontent-ssn1-1.cdninstagram.com/v/t51.2885-15/e35/52854669_797977367247080_2281981701808731603_n.jpg?_nc_ht=scontent-ssn1-1.cdninstagram.com&_nc_cat=108&_nc_ohc=SoTfUO_7sccAX9tkgn3&_nc_tp=18&oh=15d1e7c1d6f147703e8a54ba8989e6ae&oe=5FA59B6F,2019년 3월 14일
BALCARON,발카롱,153,https://www.instagram.com/p/BvQLp2KlHaV/,https://scontent-ssn1-1.cdninstagram.com/v/t51.2885-15/e35/52676860_304035096951834_4186806517872925589_n.jpg?_nc_ht=scontent-ssn1-1.cdninstagram.com&_nc_cat=106&_nc_ohc=mfDxLmZmy_oAX_-JGvb&_nc_tp=18&oh=7bc2c5aaad3ad7e6f4c483f3f57c2ecf&oe=5FA7DB2A,2019년 3월 21일
더로열푸드앤드링크,해방촌,60,https://www.instagram.com/p/CDgkz-PpStC/,https://scontent-ssn1-1.cdninstagram.com/v/t51.2885-15/e35/116790950_100764181731800_5920826443650688908_n.jpg?_nc_ht=scontent-ssn1-1.cdninstagram.com&_nc_cat=108&_nc_ohc=1R9KhbmOWWAAX8ODchf&_nc_tp=18&oh=583eaf30922db12d011571f593258097&oe=5FA89A34,2020년 8월 5일
이이엄,종로,138,https://www.instagram.com/p/B6ItZzlJRSg/,https://scontent-ssn1-1.cdninstagram.com/v/t51.2885-15/e35/73414101_162001631680753_6051198557530085040_n.jpg?_nc_ht=scontent-ssn1-1.cdninstagram.com&_nc_cat=101&_nc_ohc=bfloKI1ToQsAX_CMe6L&_nc_tp=18&oh=a61875486ba9f10fe39941bc6b4323ea&oe=5FA59028,2019년 12월 16일
만홧가게,익선동,90,https://www.instagram.com/p/BzVJZacpoMQ/,https://scontent-ssn1-1.cdninstagram.com/v/t51.2885-15/e35/65119495_433890844116347_3016217970222308290_n.jpg?_nc_ht=scontent-ssn1-1.cdninstagram.com&_nc_cat=111&_nc_ohc=70QwJDXoUqoAX9aZeXJ&_nc_tp=18&oh=82c043dc49c78931956e4f929bc1cae2&oe=5FA5E88A,2019년 6월 30일
슈퍼말차,성수 가로수길,109,https://www.instagram.com/p/B-B_avfJb_z/,https://scontent-ssn1-1.cdninstagram.com/v/t51.2885-15/e35/90416254_119296243014456_173658737486553122_n.jpg?_nc_ht=scontent-ssn1-1.cdninstagram.com&_nc_cat=100&_nc_ohc=E3HbYcVlMa8AX9g-VLV&_nc_tp=18&oh=4fd6728f93b312b901e7c1d8bf3205ad&oe=5FA78CCC,2020년 3월 22일
난,합정,169,https://www.instagram.com/p/B88904Qp-jV/,https://scontent-ssn1-1.cdninstagram.com/v/t51.2885-15/e35/83894168_257507731908831_7544357289804274734_n.jpg?_nc_ht=scontent-ssn1-1.cdninstagram.com&_nc_cat=103&_nc_ohc=wFZ1QE1hrewAX_Zy2rb&_nc_tp=18&oh=c04690fd1b421b9ca4fe18766c009a97&oe=5FA544CA,2020년 2월 24일
앤드밀,뚝섬,136,https://www.instagram.com/p/B1SHtnRprIO/,https://scontent-ssn1-1.cdninstagram.com/v/t51.2885-15/e35/66873182_897289387299556_3350081929143852503_n.jpg?_nc_ht=scontent-ssn1-1.cdninstagram.com&_nc_cat=104&_nc_ohc=uWXNEcFbxBkAX-pbNuO&_nc_tp=18&oh=67f442087aa835e67c6a61dccf8c5609&oe=5FA7999F,2019년 8월 18일
노스트레스버거,해방촌,46,https://www.instagram.com/p/CEg6wRUDFZb/,https://scontent-ssn1-1.cdninstagram.com/v/t51.2885-15/fr/e15/s1080x1080/118561992_4328645673875065_6505960078010856988_n.jpg?_nc_ht=scontent-ssn1-1.cdninstagram.com&_nc_cat=101&_nc_ohc=_a_WgTj08W0AX9iQeR1&oh=c9a84feb3fdaaa25e9f847b2636745be&oe=5FA686AC,2020년 8월 30일
보틀팩토리,연희동,84,https://www.instagram.com/p/CAPlk5TJClx/,https://scontent-ssn1-1.cdninstagram.com/v/t51.2885-15/e35/97351994_686477198795363_6161831172803457883_n.jpg?_nc_ht=scontent-ssn1-1.cdninstagram.com&_nc_cat=111&_nc_ohc=zQKKBp_OsQ8AX8CL8AD&_nc_tp=18&oh=35cace6e128cc4566539c9778945e67a&oe=5FA5B5A1,2020년 5월 16일
MIJAHKAYA,미자카야,117,https://www.instagram.com/p/BvXsQJgFetR/,https://scontent-ssn1-1.cdninstagram.com/v/t51.2885-15/e35/53552450_299251234101061_3234175026070282995_n.jpg?_nc_ht=scontent-ssn1-1.cdninstagram.com&_nc_cat=101&_nc_ohc=bofqs1IvhCsAX-sfn5I&_nc_tp=18&oh=a6e5388a4e575c2774a732dee4127053&oe=5FA6E4BA,2019년 3월 24일
온량,성수,44,https://www.instagram.com/p/CEGNGr4pTG5/,https://scontent-ssn1-1.cdninstagram.com/v/t51.2885-15/e15/117828649_348363819666275_1392583746489678242_n.jpg?_nc_ht=scontent-ssn1-1.cdninstagram.com&_nc_cat=111&_nc_ohc=eJnWmSvonY4AX8kNJuz&_nc_tp=18&oh=e50e6f82411b957c11ee6e07d95d79d6&oe=5FA6CAC7,2020년 8월 20일
롱브르,연남,32,https://www.instagram.com/p/CFhSqd5JYov/,https://scontent-ssn1-1.cdninstagram.com/v/t51.2885-15/fr/e15/s1080x1080/120192802_758818114901316_8145603622713976863_n.jpg?_nc_ht=scontent-ssn1-1.cdninstagram.com&_nc_cat=100&_nc_ohc=T1BCAuYw13wAX9kGOi1&oh=dae69ef1bbef0a098fc359301ebd4633&oe=5FA56D28,2020년 9월 24일
빵어니스타,압구정,177,https://www.instagram.com/p/B0IgZklJUa2/,https://scontent-ssn1-1.cdninstagram.com/v/t51.2885-15/e35/65649867_402648807262317_2690674806556612950_n.jpg?_nc_ht=scontent-ssn1-1.cdninstagram.com&_nc_cat=109&_nc_ohc=3wx6iYiAcAIAX9LuNsI&_nc_tp=18&oh=c4707c878ad8b93154e3491992aa53a7&oe=5FA530C4,2019년 7월 20일
미라이,신사,66,https://www.instagram.com/p/B-o0wAMpPMA/,https://scontent-ssn1-1.cdninstagram.com/v/t51.2885-15/e35/91898397_155119679160318_5820215754294389817_n.jpg?_nc_ht=scontent-ssn1-1.cdninstagram.com&_nc_cat=106&_nc_ohc=M3Qlwl1mrRYAX9Rgt-l&_nc_tp=18&oh=633c75f47eebbdf05fc63d8cce03e903&oe=5FA71BE4,2020년 4월 6일
땡스오트,연남,48,https://www.instagram.com/p/CDtD8duJqd2/,https://scontent-ssn1-1.cdninstagram.com/v/t51.2885-15/e35/117297889_1856705521136282_1687543141313932898_n.jpg?_nc_ht=scontent-ssn1-1.cdninstagram.com&_nc_cat=102&_nc_ohc=BC6BfrrqxKMAX8XZ1Fo&_nc_tp=18&oh=6f49491f1f5a78247f2aa4b7042ba13d&oe=5FA5380C,2020년 8월 10일
조이풀브라더스,상도동,98,https://www.instagram.com/p/B025C1MJNzL/,https://scontent-ssn1-1.cdninstagram.com/v/t51.2885-15/e35/67138065_136794467530010_3243883876726814535_n.jpg?_nc_ht=scontent-ssn1-1.cdninstagram.com&_nc_cat=102&_nc_ohc=sWmkGdqOdRcAX_chiWL&_nc_tp=18&oh=38d4d8e4bd49f1d94e7cc273650d68b9&oe=5FA757F4,2019년 8월 7일
궤도에 오르다 (건대,성신여대),129,https://www.instagram.com/p/BzFucZBpO6L/,https://scontent-ssn1-1.cdninstagram.com/v/t51.2885-15/e35/65717602_847741672270894_2328331821032402086_n.jpg?_nc_ht=scontent-ssn1-1.cdninstagram.com&_nc_cat=110&_nc_ohc=Q8Kym0G4S0UAX9jtEWv&_nc_tp=18&oh=ebd4f0e6e86681355a344ab738e7f8f0&oe=5FA606F6,2019년 6월 24일
아소비니키떼,합정,127,https://www.instagram.com/p/B0ihVrcJZMe/,https://scontent-ssn1-1.cdninstagram.com/v/t51.2885-15/e35/67807825_885842381770764_401147647396996447_n.jpg?_nc_ht=scontent-ssn1-1.cdninstagram.com&_nc_cat=100&_nc_ohc=r4IUTeYFPpQAX-Oqi1w&_nc_tp=18&oh=7f2d72bbaff0b02add7bf3e2ea788a14&oe=5FA79950,2019년 7월 30일
바코포차,합정,55,https://www.instagram.com/p/CEOduA5BeZ_/,https://scontent-ssn1-1.cdninstagram.com/v/t51.2885-15/fr/e15/s1080x1080/118026081_356195475381655_2927623818625183811_n.jpg?_nc_ht=scontent-ssn1-1.cdninstagram.com&_nc_cat=107&_nc_ohc=9aMBHWKXLYYAX-LWXjX&oh=ca7eb55dede6bce353d20e270ec78d5e&oe=5FA4D860,2020년 8월 23일
배반낭자,한남동,26,https://www.instagram.com/p/CDdlgJNp5z3/,https://scontent-ssn1-1.cdninstagram.com/v/t51.2885-15/e35/116104251_606486826909264_6850396233689817824_n.jpg?_nc_ht=scontent-ssn1-1.cdninstagram.com&_nc_cat=104&_nc_ohc=4xMT0GfFSWQAX_y2dmP&_nc_tp=18&oh=acf66ea088963dfb8bb54fe40890ad69&oe=5FA6A837,2020년 8월 4일
CollagE,콜라주,69,https://www.instagram.com/p/Bu2HEbZF2zb/,https://scontent-ssn1-1.cdninstagram.com/v/t51.2885-15/e35/54511708_123073198808632_1870752820483785406_n.jpg?_nc_ht=scontent-ssn1-1.cdninstagram.com&_nc_cat=104&_nc_ohc=okgqyAFOoNAAX8mFwgh&_nc_tp=18&oh=1eee024e911dc7750cd79e25e70d0d37&oe=5FA58BCC,2019년 3월 11일
노스트레스버거,해방촌,109,https://www.instagram.com/p/CEg6wIgj0Gr/,https://scontent-ssn1-1.cdninstagram.com/v/t51.2885-15/fr/e15/s1080x1080/118492247_714765809079558_6490711644070587661_n.jpg?_nc_ht=scontent-ssn1-1.cdninstagram.com&_nc_cat=106&_nc_ohc=HDDgqptToaMAX_CHJHr&oh=50dff733cc991c13ca46d3f02f800319&oe=5FA7EE48,2020년 8월 30일
탐스피자,홍대,109,https://www.instagram.com/p/B4fJEDFpbCQ/,https://scontent-ssn1-1.cdninstagram.com/v/t51.2885-15/e35/71540482_256251385348859_7103655076362420859_n.jpg?_nc_ht=scontent-ssn1-1.cdninstagram.com&_nc_cat=111&_nc_ohc=b4Od2PldGcIAX8lrg6_&_nc_tp=18&oh=40de4b698d7e2bb5187b12cdcc7d35d0&oe=5FA74393,2019년 11월 5일
위키드와이프,강남,75,https://www.instagram.com/p/B_XQRzeJSv9/,https://scontent-ssn1-1.cdninstagram.com/v/t51.2885-15/e35/94122172_243145690375993_7755467030109820530_n.jpg?_nc_ht=scontent-ssn1-1.cdninstagram.com&_nc_cat=101&_nc_ohc=L-Knb69uRtMAX_XOoq6&_nc_tp=18&oh=7758b7e302360b0d451a7ecfe1c47457&oe=5FA819BD,2020년 4월 24일
밀회관,건대,136,https://www.instagram.com/p/Byms5S2p4fy/,https://scontent-ssn1-1.cdninstagram.com/v/t51.2885-15/e35/62153708_346828279315544_1514546542017125339_n.jpg?_nc_ht=scontent-ssn1-1.cdninstagram.com&_nc_cat=108&_nc_ohc=oXoDRcvJ1qEAX9uvop-&_nc_tp=18&oh=626ef1df5a945e544d84b6893633ece4&oe=5FA4B1F9,2019년 6월 12일
오스테리아 오라,망원,169,https://www.instagram.com/p/B2JQ4NVJvzS/,https://scontent-ssn1-1.cdninstagram.com/v/t51.2885-15/e35/69232309_386034122066543_868278089179007929_n.jpg?_nc_ht=scontent-ssn1-1.cdninstagram.com&_nc_cat=111&_nc_ohc=I0JPS25CXEsAX_0W6ou&_nc_tp=18&oh=cc269c9e2650871ea0fb744b150fd8ae&oe=5FA733E2,2019년 9월 8일
사유의 서재,강남,48,https://www.instagram.com/p/CEopMRhn8wV/,https://scontent-ssn1-1.cdninstagram.com/v/t51.2885-15/fr/e15/s1080x1080/118560914_3283073068449519_1940507921345388722_n.jpg?_nc_ht=scontent-ssn1-1.cdninstagram.com&_nc_cat=103&_nc_ohc=1wZ3osuGagkAX9dLkBe&oh=e88c285733d583dfb481a7c97c948ad7&oe=5FA7D38E,2020년 9월 2일
살라댕 방콕,익선동,189,https://www.instagram.com/p/B0hMItUJqiN/,https://scontent-ssn1-1.cdninstagram.com/v/t51.2885-15/e35/67834978_711519572610072_7531118618063899122_n.jpg?_nc_ht=scontent-ssn1-1.cdninstagram.com&_nc_cat=100&_nc_ohc=v0eUMsCDUDcAX-CPQLd&_nc_tp=18&oh=bc0a995cfdfbbd6d9454099eb5957eaf&oe=5FA6260E,2019년 7월 30일
푸에고,이태원,95,https://www.instagram.com/p/BzaKi51Jy06/,https://scontent-ssn1-1.cdninstagram.com/v/t51.2885-15/e35/65057622_2131511593807267_4604805695188578805_n.jpg?_nc_ht=scontent-ssn1-1.cdninstagram.com&_nc_cat=107&_nc_ohc=ASA8-ly-tCoAX-mfoEA&_nc_tp=18&oh=f1be465b06347de17bb8c792cf4c921b&oe=5FA701DC,2019년 7월 2일
아키비스트,서촌 ,119,https://www.instagram.com/p/B34h6eyJKKP/,https://scontent-ssn1-1.cdninstagram.com/v/t51.2885-15/e35/71281305_450475312257926_5468697565400734104_n.jpg?_nc_ht=scontent-ssn1-1.cdninstagram.com&_nc_cat=102&_nc_ohc=v5sW6dV1nZYAX-cJv8t&_nc_tp=18&oh=eec1ca26ca41263d091390581df63a3b&oe=5FA7B150,2019년 10월 21일
카페 포제,성수동,140,https://www.instagram.com/p/Bz6lYDBpe9n/,https://scontent-ssn1-1.cdninstagram.com/v/t51.2885-15/e35/66499965_375840939736957_1962695721113689241_n.jpg?_nc_ht=scontent-ssn1-1.cdninstagram.com&_nc_cat=101&_nc_ohc=8RJ7KkA-qZIAX8myKqq&_nc_tp=18&oh=7962cc84a0572fb845e67432d11cb367&oe=5FA7E768,2019년 7월 15일
FINLANDPROJECT,핀란드프로젝트,79,https://www.instagram.com/p/BvI_wFFlZG3/,https://scontent-ssn1-1.cdninstagram.com/v/t51.2885-15/e35/52991531_2275060506116156_7113442488823700978_n.jpg?_nc_ht=scontent-ssn1-1.cdninstagram.com&_nc_cat=108&_nc_ohc=CP6wK3S1k-AAX9xYy0k&_nc_tp=18&oh=c6b496115d190d966177ee098d97f3f0&oe=5FA7E21C,2019년 3월 18일
FRITZ COFFEE COMPANY,프릳츠,201,https://www.instagram.com/p/BvEmA4BFCgW/,https://scontent-ssn1-1.cdninstagram.com/v/t51.2885-15/e35/53169518_556906718162910_8346370083193765173_n.jpg?_nc_ht=scontent-ssn1-1.cdninstagram.com&_nc_cat=106&_nc_ohc=f3eOrYMGjlcAX8Q2Iqa&_nc_tp=18&oh=f4bfce912aaa41b24249f8d24cfc125c&oe=5FA7D37B,2019년 3월 16일
비아 메렝게,신촌,59,https://www.instagram.com/p/CAsA1MhpoZ-/,https://scontent-ssn1-1.cdninstagram.com/v/t51.2885-15/e35/101343317_695693474333657_4818405180462130423_n.jpg?_nc_ht=scontent-ssn1-1.cdninstagram.com&_nc_cat=105&_nc_ohc=Ypo0cNfU_1MAX-gM8D2&_nc_tp=18&oh=d7a3232c94358c3b78327900279cbfbf&oe=5FA60E55,2020년 5월 27일
수라간,연남동,148,https://www.instagram.com/p/Bz9JCJDp-Yv/,https://scontent-ssn1-1.cdninstagram.com/v/t51.2885-15/e35/65796042_461881171039176_6279051938166436805_n.jpg?_nc_ht=scontent-ssn1-1.cdninstagram.com&_nc_cat=100&_nc_ohc=6RWOHwqdDlQAX-0pn05&_nc_tp=18&oh=7b36b125d4b21c4202e2870928b4ba7e&oe=5FA6F8FB,2019년 7월 16일
평화,문래,58,https://www.instagram.com/p/CD77nfppNXM/,https://scontent-ssn1-1.cdninstagram.com/v/t51.2885-15/e35/117522924_304661534192959_2904685201449868091_n.jpg?_nc_ht=scontent-ssn1-1.cdninstagram.com&_nc_cat=107&_nc_ohc=TP9snNaHjbAAX-j9BbD&_nc_tp=18&oh=8371faeb1175ba8f34bddf32554fc328&oe=5FA80879,2020년 8월 16일
미자카야,망원,9,https://www.instagram.com/p/CDG0pN9J5zY/,https://scontent-ssn1-1.cdninstagram.com/v/t51.2885-15/e35/111721365_718642058916469_1971889244624994232_n.jpg?_nc_ht=scontent-ssn1-1.cdninstagram.com&_nc_cat=101&_nc_ohc=0xz4NQFoIJ4AX-zecCw&_nc_tp=18&oh=4c7864adb1f7da0a9d87daa95e8fc72b&oe=5FA72868,2020년 7월 26일
아꼬떼뒤파르크,성수,103,https://www.instagram.com/p/B1I4JoIJ-Dy/,https://scontent-ssn1-1.cdninstagram.com/v/t51.2885-15/e35/67201117_939557709735823_6421961446565887135_n.jpg?_nc_ht=scontent-ssn1-1.cdninstagram.com&_nc_cat=107&_nc_ohc=ti5_hkeRu6YAX_fcWHT&_nc_tp=18&oh=d1db19a51cef41767ceff148ece9398a&oe=5FA6C5B5,2019년 8월 14일
우래옥,을지로,74,https://www.instagram.com/p/CEUC1JghQqG/,https://scontent-ssn1-1.cdninstagram.com/v/t51.2885-15/fr/e15/s1080x1080/118340234_194739362000367_3884208824254549835_n.jpg?_nc_ht=scontent-ssn1-1.cdninstagram.com&_nc_cat=103&_nc_ohc=f2-XiJK0Bt0AX-Xr4dC&oh=ddcbaafd24b9ac48fbeed9aa71721406&oe=5FA7D984,2020년 8월 25일
레게치킨,홍대,105,https://www.instagram.com/p/B28G-O7Ju6x/,https://scontent-ssn1-1.cdninstagram.com/v/t51.2885-15/e35/69653768_145621866658937_2708124287802569766_n.jpg?_nc_ht=scontent-ssn1-1.cdninstagram.com&_nc_cat=105&_nc_ohc=LKmLdpP2YU4AX8ORQCU&_nc_tp=18&oh=86cb33807c666d4ca351aba912255340&oe=5FA6D29A,2019년 9월 28일
아우프글렛,금호,116,https://www.instagram.com/p/B_Z_3fvp-ST/,https://scontent-ssn1-1.cdninstagram.com/v/t51.2885-15/e35/94449566_232028911202195_408644400271200130_n.jpg?_nc_ht=scontent-ssn1-1.cdninstagram.com&_nc_cat=111&_nc_ohc=HO02SoKY0o0AX-ec6TT&_nc_tp=18&oh=d7aad6082cbbd3ae4fe0cd6b98aed9fb&oe=5FA5E046,2020년 4월 25일
문랜딩,이태원,12,https://www.instagram.com/p/CDEP74QpFG_/,https://scontent-ssn1-1.cdninstagram.com/v/t51.2885-15/e35/116077486_361037201553000_8622461585986578727_n.jpg?_nc_ht=scontent-ssn1-1.cdninstagram.com&_nc_cat=100&_nc_ohc=3Sgs430CjVwAX9-_l16&_nc_tp=18&oh=2599d8699487439c23b98b405b86ef17&oe=5FA53019,2020년 7월 25일
클래직,을지로,41,https://www.instagram.com/p/CE6qswxgsSl/,https://scontent-ssn1-1.cdninstagram.com/v/t51.2885-15/fr/e15/s1080x1080/119121792_3459258864136039_1352065259552485817_n.jpg?_nc_ht=scontent-ssn1-1.cdninstagram.com&_nc_cat=107&_nc_ohc=YhVw490Twg4AX8eOaBC&oh=a776cedaece4dff5415621ed7b6856f9&oe=5FA5DC05,2020년 9월 9일
에스프레소 부티크,연남,42,https://www.instagram.com/p/CDoSjx1pq8g/,https://scontent-ssn1-1.cdninstagram.com/v/t51.2885-15/e35/117111024_666486044076242_3438991930691666654_n.jpg?_nc_ht=scontent-ssn1-1.cdninstagram.com&_nc_cat=102&_nc_ohc=N1X-kp_CVEQAX86xAoE&_nc_tp=18&oh=889708afee4171875e08d9b1061bdae4&oe=5FA68635,2020년 8월 8일
SALT HOUSE,소금집,75,https://www.instagram.com/p/BusPAkwFqBD/,https://scontent-ssn1-1.cdninstagram.com/v/t51.2885-15/e35/52320520_1163879183808009_6493967150383347369_n.jpg?_nc_ht=scontent-ssn1-1.cdninstagram.com&_nc_cat=109&_nc_ohc=3E4USfrqz_gAX-wB8QN&_nc_tp=18&oh=3d2f2cac99944a7b2b75d9f192a6c3a7&oe=5FA6C897,2019년 3월 7일
버드랜드,해방촌,144,https://www.instagram.com/p/B4m25OoJtsF/,https://scontent-ssn1-1.cdninstagram.com/v/t51.2885-15/e35/73497412_2493116910807814_3817770933550686669_n.jpg?_nc_ht=scontent-ssn1-1.cdninstagram.com&_nc_cat=110&_nc_ohc=CSDuDbp1yI8AX-LSstA&_nc_tp=18&oh=d02f71eaf5ad43374fa9b060d72cfbae&oe=5FA5966F,2019년 11월 8일
퍼햅스 커피,송파 삼전동,88,https://www.instagram.com/p/B1iogyHJOMc/,https://scontent-ssn1-1.cdninstagram.com/v/t51.2885-15/e35/67136275_397599717568327_6105184770612526611_n.jpg?_nc_ht=scontent-ssn1-1.cdninstagram.com&_nc_cat=107&_nc_ohc=u3zKPSNlaTAAX-LTvef&_nc_tp=18&oh=61a0195c05f6790bd6f0f156ed188f30&oe=5FA5FD36,2019년 8월 24일
버터북,해방촌,32,https://www.instagram.com/p/CEeV_y5DHtB/,https://scontent-ssn1-1.cdninstagram.com/v/t51.2885-15/fr/e15/s1080x1080/118509646_310645546926886_792523287879373325_n.jpg?_nc_ht=scontent-ssn1-1.cdninstagram.com&_nc_cat=110&_nc_ohc=IUaMZN8Zj_EAX-04DIK&oh=27debf1892a32200c546c98459732174&oe=5FA55DE2,2020년 8월 29일
오랑지,연남동,169,https://www.instagram.com/p/B1hkJJRJavF/,https://scontent-ssn1-1.cdninstagram.com/v/t51.2885-15/e35/67787241_902156733499354_7715487481500657149_n.jpg?_nc_ht=scontent-ssn1-1.cdninstagram.com&_nc_cat=110&_nc_ohc=YdFAsCUksNkAX_EuBdo&_nc_tp=18&oh=689a4b205eb6b4efa484346cc5608643&oe=5FA7CD19,2019년 8월 24일
매니멀스모크하우스,이태원,95,https://www.instagram.com/p/B3WgUGgJuoT/,https://scontent-ssn1-1.cdninstagram.com/v/t51.2885-15/e35/73100336_1347647378731673_1483749887940468411_n.jpg?_nc_ht=scontent-ssn1-1.cdninstagram.com&_nc_cat=105&_nc_ohc=askQ7KCdKWIAX9lbwCb&_nc_tp=18&oh=3dc777ab15e2d417fcbbe776481711bc&oe=5FA78CFE,2019년 10월 8일
인왕산 대충유원지,서촌,169,https://www.instagram.com/p/B42ThuiJ9Pu/,https://scontent-ssn1-1.cdninstagram.com/v/t51.2885-15/e35/75362601_179270499883338_9099743785655565781_n.jpg?_nc_ht=scontent-ssn1-1.cdninstagram.com&_nc_cat=106&_nc_ohc=CBXRS9sVn70AX-75Y_1&_nc_tp=18&oh=e1d7965b6eb13efbf56745db970b7f50&oe=5FA6F1C4,2019년 11월 14일
Youkilbong,육일봉,84,https://www.instagram.com/p/BvThlauFxtN/,https://scontent-ssn1-1.cdninstagram.com/v/t51.2885-15/e35/53419795_376209469888122_7184602818457520687_n.jpg?_nc_ht=scontent-ssn1-1.cdninstagram.com&_nc_cat=106&_nc_ohc=C9Yvbd9ly-MAX8mX7_U&_nc_tp=18&oh=1c937e8062623f30a4ab9838ab5b5668&oe=5FA8A1EB,2019년 3월 22일
할아버지공장,성수,217,https://www.instagram.com/p/B9t6Z0Dp_jU/,https://scontent-ssn1-1.cdninstagram.com/v/t51.2885-15/e35/89379854_304041697247512_1264926287879124124_n.jpg?_nc_ht=scontent-ssn1-1.cdninstagram.com&_nc_cat=104&_nc_ohc=1aoU6zj3j9MAX-37u4C&_nc_tp=18&oh=f791c6a7013a42981bdf72270621f9c5&oe=5FA7D51C,2020년 3월 14일
밥 해주는 남자,연남,87,https://www.instagram.com/p/B21fCb2pn8f/,https://scontent-ssn1-1.cdninstagram.com/v/t51.2885-15/e35/69616447_1303344096498696_8758854500363682366_n.jpg?_nc_ht=scontent-ssn1-1.cdninstagram.com&_nc_cat=100&_nc_ohc=aKIvNV_31YcAX-DzPQz&_nc_tp=18&oh=10e259cae06c516972fcabb7c4a412ba&oe=5FA70228,2019년 9월 25일
올라아보,이수,124,https://www.instagram.com/p/B8oX2pGJ6TG/,https://scontent-ssn1-1.cdninstagram.com/v/t51.2885-15/e35/84550536_502024947391227_3246472564458810928_n.jpg?_nc_ht=scontent-ssn1-1.cdninstagram.com&_nc_cat=103&_nc_ohc=l8KeNkg47_kAX92__uh&_nc_tp=18&oh=16ab8a6f47620efa323a6479a6f2a2d0&oe=5FA808A9,2020년 2월 16일
1인 1잔,은평,158,https://www.instagram.com/p/CEMUd8qpcxc/,https://scontent-ssn1-1.cdninstagram.com/v/t51.2885-15/fr/e15/p1080x1080/117969418_952116188602921_97076730099708584_n.jpg?_nc_ht=scontent-ssn1-1.cdninstagram.com&_nc_cat=101&_nc_ohc=lYGDC-Q1F_QAX9L1N0i&oh=030986f6e45178eb52974848109c2254&oe=5FA56C23,2020년 8월 22일
호호식당,대학로익선동,191,https://www.instagram.com/p/B1Hze3EJDkZ/,https://scontent-ssn1-1.cdninstagram.com/v/t51.2885-15/e35/68877586_163099734830141_5039346484262827156_n.jpg?_nc_ht=scontent-ssn1-1.cdninstagram.com&_nc_cat=105&_nc_ohc=vHc_wFGmW3oAX8sihJJ&_nc_tp=18&oh=2d6a21104b80c6e46700d52c4346fa9e&oe=5FA81031,2019년 8월 14일
누들바 미연,압구정,36,https://www.instagram.com/p/CDfmMYSpsno/,https://scontent-ssn1-1.cdninstagram.com/v/t51.2885-15/e35/116753562_338868393786393_3081528178722068261_n.jpg?_nc_ht=scontent-ssn1-1.cdninstagram.com&_nc_cat=109&_nc_ohc=29vBvp3I1NcAX8yBZAW&_nc_tp=18&oh=f9422869bda06fecd43d52658e92a17f&oe=5FA57364,2020년 8월 5일
다운타우너,청담,69,https://www.instagram.com/p/CEazcTrgcrT/,https://scontent-ssn1-1.cdninstagram.com/v/t51.2885-15/fr/e15/s1080x1080/118254879_334559134588122_6596048690106269689_n.jpg?_nc_ht=scontent-ssn1-1.cdninstagram.com&_nc_cat=106&_nc_ohc=e8GWrchg0V8AX8ykoLc&oh=88ecbaa4932dfa6ca70b44b0e0624fc3&oe=5FA7CBA9,2020년 8월 28일
해피클럽,을지로,41,https://www.instagram.com/p/CEwXiYyAJRP/,https://scontent-ssn1-1.cdninstagram.com/v/t51.2885-15/fr/e15/s1080x1080/118923121_3243965185730149_2941120809517335900_n.jpg?_nc_ht=scontent-ssn1-1.cdninstagram.com&_nc_cat=101&_nc_ohc=UzRLoqdvxeoAX_OpPmh&oh=cca30566001be266a6d3c8746660ad9f&oe=5FA50DA4,2020년 9월 5일
페퍼민트 패티,연희,46,https://www.instagram.com/p/CFE94INhrqE/,https://scontent-ssn1-1.cdninstagram.com/v/t51.2885-15/e15/119431138_324933255282651_7331192208594757662_n.jpg?_nc_ht=scontent-ssn1-1.cdninstagram.com&_nc_cat=103&_nc_ohc=6zf5Y60KZtYAX_yF--R&_nc_tp=18&oh=be9842b60cd413d908936e7d8d250347&oe=5FA5C61E,2020년 9월 13일
이음티하우스,부암동,95,https://www.instagram.com/p/B4KjMjUpm0Q/,https://scontent-ssn1-1.cdninstagram.com/v/t51.2885-15/e35/74336784_476810233178812_5873761519779542108_n.jpg?_nc_ht=scontent-ssn1-1.cdninstagram.com&_nc_cat=104&_nc_ohc=lI1Y7tc0zmkAX_vZjd1&_nc_tp=18&oh=65f00356904e5fdd505b6d5da6562d17&oe=5FA4FA9E,2019년 10월 28일
오톤커피,마포,103,https://www.instagram.com/p/B_rqwmppvDk/,https://scontent-ssn1-1.cdninstagram.com/v/t51.2885-15/e35/95385158_245073149941311_6253353906957876677_n.jpg?_nc_ht=scontent-ssn1-1.cdninstagram.com&_nc_cat=103&_nc_ohc=Q84oQrqa1O0AX9TnwK_&_nc_tp=18&oh=3057d6cc1fddd53a1e45c49bf28ba6b3&oe=5FA5DA57,2020년 5월 2일
모퉁이 우,삼성,71,https://www.instagram.com/p/CADCKMhpgxu/,https://scontent-ssn1-1.cdninstagram.com/v/t51.2885-15/e35/96539836_593330277968852_792394749064050566_n.jpg?_nc_ht=scontent-ssn1-1.cdninstagram.com&_nc_cat=108&_nc_ohc=-hDThDBTC-sAX-9BbFQ&_nc_tp=18&oh=f81187257922dddba06267511a724a82&oe=5FA61609,2020년 5월 11일
페이머스 그라운드,합정,361,https://www.instagram.com/p/B0HclwgJ8oZ/,https://scontent-ssn1-1.cdninstagram.com/v/t51.2885-15/e35/64389332_365363817512650_7110557158666092685_n.jpg?_nc_ht=scontent-ssn1-1.cdninstagram.com&_nc_cat=110&_nc_ohc=EXIVzWz9UeoAX92Xzaf&_nc_tp=18&oh=f0551d31a1e038ccd65c3de66f70a98d&oe=5FA63A3B,2019년 7월 20일
위커파크,송파,41,https://www.instagram.com/p/CEHK25mnhZH/,https://scontent-ssn1-1.cdninstagram.com/v/t51.2885-15/fr/e15/s1080x1080/117885955_621238178806488_6125319073337018800_n.jpg?_nc_ht=scontent-ssn1-1.cdninstagram.com&_nc_cat=100&_nc_ohc=TaRk_mvjIbIAX-m3iDA&oh=ded17feb4173eb1724deb92b22836143&oe=5FA5E3E2,2020년 8월 20일
로즈앤크라운,이태원,41,https://www.instagram.com/p/CD0yTIfJHdW/,https://scontent-ssn1-1.cdninstagram.com/v/t51.2885-15/e35/117766509_182649709928566_7392250551092056100_n.jpg?_nc_ht=scontent-ssn1-1.cdninstagram.com&_nc_cat=110&_nc_ohc=owdBTQDINIgAX80eyYK&_nc_tp=18&oh=d7af80ef07e49c376edb2a524dfe04f3&oe=5FA5572E,2020년 8월 13일
REDMOON,레드문,67,https://www.instagram.com/p/BvSc59Zlpv5/,https://scontent-ssn1-1.cdninstagram.com/v/t51.2885-15/e35/53789546_142813950100925_2401869258799195215_n.jpg?_nc_ht=scontent-ssn1-1.cdninstagram.com&_nc_cat=105&_nc_ohc=mVfefTbhnLYAX8BK4ce&_nc_tp=18&oh=bbfb5f58ab78ed27130b204035bff267&oe=5FA60BB3,2019년 3월 22일
ZAGMACHI,자그마치,79,https://www.instagram.com/p/BuvhclzFU9h/,https://scontent-ssn1-1.cdninstagram.com/v/t51.2885-15/e35/53603378_2345460032404596_5143862022090622886_n.jpg?_nc_ht=scontent-ssn1-1.cdninstagram.com&_nc_cat=100&_nc_ohc=yIYkLAOwUK8AX9ZTYT3&_nc_tp=18&oh=9f232a82d761a56f563bda70d57d91e2&oe=5FA6306D,2019년 3월 8일
익선고로,익선동,115,https://www.instagram.com/p/B9ou1nhpLit/,https://scontent-ssn1-1.cdninstagram.com/v/t51.2885-15/e35/89387336_137755634420643_1208417840554859194_n.jpg?_nc_ht=scontent-ssn1-1.cdninstagram.com&_nc_cat=103&_nc_ohc=7z-AdkGOlhUAX-B1mCc&_nc_tp=18&oh=677abd1ac74527587b9accc5f77ecba9&oe=5FA80531,2020년 3월 12일
무슈부부 스낵코너,마포,42,https://www.instagram.com/p/CD8emueJupJ/,https://scontent-ssn1-1.cdninstagram.com/v/t51.2885-15/e35/117635623_762669987842437_6991355659191274480_n.jpg?_nc_ht=scontent-ssn1-1.cdninstagram.com&_nc_cat=101&_nc_ohc=KGUEnPXBfJoAX8DoBiE&_nc_tp=18&oh=230c7a1585576d6e281263db02234e12&oe=5FA71932,2020년 8월 16일
숯,신사동,148,https://www.instagram.com/p/Bye7VxApCEs/,https://scontent-ssn1-1.cdninstagram.com/v/t51.2885-15/e35/62167891_2050964938538964_3994203682552745169_n.jpg?_nc_ht=scontent-ssn1-1.cdninstagram.com&_nc_cat=100&_nc_ohc=jA8wdLSQWZIAX_2KA8P&_nc_tp=18&oh=e04cf1a4ecb476a46f1b5cd93168f904&oe=5FA7A885,2019년 6월 9일
웻커피,가로수길 이태원,181,https://www.instagram.com/p/B73bPYupijJ/,https://scontent-ssn1-1.cdninstagram.com/v/t51.2885-15/e35/82345247_540617976811126_2900431496890288264_n.jpg?_nc_ht=scontent-ssn1-1.cdninstagram.com&_nc_cat=110&_nc_ohc=2jNbkCVH4NEAX-R-CUj&_nc_tp=18&oh=6f619ccae9398d3baf4b191f474a400d&oe=5FA51D32,2020년 1월 28일
스와니예,반포,27,https://www.instagram.com/p/CF6E3e9J9Rs/,https://scontent-ssn1-1.cdninstagram.com/v/t51.2885-15/fr/e15/s1080x1080/120794113_777862726368669_8395176246773744027_n.jpg?_nc_ht=scontent-ssn1-1.cdninstagram.com&_nc_cat=109&_nc_ohc=7LA8UqsA5A4AX-QjfeO&oh=260ca5bd22cf575bf84178984dfdb48d&oe=5FA4B7CF,2020년 10월 4일
스탬프커피,연남,43,https://www.instagram.com/p/CFUaq70n2KM/,https://scontent-ssn1-1.cdninstagram.com/v/t51.2885-15/fr/e15/s1080x1080/119716038_810484059701059_2242275226146955137_n.jpg?_nc_ht=scontent-ssn1-1.cdninstagram.com&_nc_cat=107&_nc_ohc=8EotyGFjVWwAX94XLzo&oh=01582e5a7c664fe0aaa327cb4ef1291b&oe=5FA6E6D2,2020년 9월 19일
버터북,해방촌,54,https://www.instagram.com/p/CEeV_crJRN4/,https://scontent-ssn1-1.cdninstagram.com/v/t51.2885-15/fr/e15/s1080x1080/118364394_171510767802264_4642882449591517648_n.jpg?_nc_ht=scontent-ssn1-1.cdninstagram.com&_nc_cat=100&_nc_ohc=YAcmxI6Op7IAX9hxZEV&oh=3e048fc5e1179e8680d2e00500987809&oe=5FA5E7BB,2020년 8월 29일
암소서울,광화문,95,https://www.instagram.com/p/B7Q05jopdSS/,https://scontent-ssn1-1.cdninstagram.com/v/t51.2885-15/e35/82103507_474396119865785_2727523667373530143_n.jpg?_nc_ht=scontent-ssn1-1.cdninstagram.com&_nc_cat=105&_nc_ohc=fVCEmw9yEXYAX9TAYfy&_nc_tp=18&oh=44f29b93668c21e05b39e3f4de236b5a&oe=5FA4B62A,2020년 1월 13일
위커파크,송파,60,https://www.instagram.com/p/CEHK3NJh2su/,https://scontent-ssn1-1.cdninstagram.com/v/t51.2885-15/fr/e15/s1080x1080/117888310_123841922755814_2975226591285783605_n.jpg?_nc_ht=scontent-ssn1-1.cdninstagram.com&_nc_cat=102&_nc_ohc=dxzP179XV2oAX9f4M6-&oh=d0b86cb8c4a1eed13e24623e6292f512&oe=5FA61B9A,2020년 8월 20일
베제투스,해방촌,89,https://www.instagram.com/p/B4FZkB8p8W9/,https://scontent-ssn1-1.cdninstagram.com/v/t51.2885-15/e35/75108869_374462066615022_8772568406427018467_n.jpg?_nc_ht=scontent-ssn1-1.cdninstagram.com&_nc_cat=106&_nc_ohc=TUm7YhcIwygAX__uELJ&_nc_tp=18&oh=21f5a8a015635581fc4d52f848803cbe&oe=5FA73115,2019년 10월 26일
글로리식당,석촌,45,https://www.instagram.com/p/CFHirIApEej/,https://scontent-ssn1-1.cdninstagram.com/v/t51.2885-15/fr/e15/s1080x1080/119283730_315948122967638_2728655384171576112_n.jpg?_nc_ht=scontent-ssn1-1.cdninstagram.com&_nc_cat=102&_nc_ohc=HnlhLl3KlyAAX945vj9&oh=a1966c2a4dbc427809a8f76e0849d36b&oe=5FA87A2E,2020년 9월 14일
써스데이 스터핑,연희동,79,https://www.instagram.com/p/B13Oe-aJpcq/,https://scontent-ssn1-1.cdninstagram.com/v/t51.2885-15/e35/68771970_462941671100390_5101008528286195241_n.jpg?_nc_ht=scontent-ssn1-1.cdninstagram.com&_nc_cat=102&_nc_ohc=eSNQti1IxF4AX_vMmxH&_nc_tp=18&oh=7218eb4c68832948a41646f30444631d&oe=5FA78C94,2019년 9월 1일
올레무스,연희동,57,https://www.instagram.com/p/CEghqzvjkam/,https://scontent-ssn1-1.cdninstagram.com/v/t51.2885-15/fr/e15/s1080x1080/118450067_346348366497557_7978052706356541639_n.jpg?_nc_ht=scontent-ssn1-1.cdninstagram.com&_nc_cat=105&_nc_ohc=FndmdGx4gn0AX_KuzLc&oh=2d10c96df8b3ce8456bd333e9d3be8eb&oe=5FA73B7E,2020년 8월 30일
익선잡방,익선동,100,https://www.instagram.com/p/B1uzgdmJi-q/,https://scontent-ssn1-1.cdninstagram.com/v/t51.2885-15/e35/69498625_101218014546051_6429678803368075246_n.jpg?_nc_ht=scontent-ssn1-1.cdninstagram.com&_nc_cat=103&_nc_ohc=jIDlIYAdRjEAX9qf1ge&_nc_tp=18&oh=0245e0f057ed6413e8921525bc282a17&oe=5FA5F82E,2019년 8월 29일
베이브,연남,16,https://www.instagram.com/p/CDLibJEJVYB/,https://scontent-ssn1-1.cdninstagram.com/v/t51.2885-15/e35/115842910_291270288829931_2549260424173535689_n.jpg?_nc_ht=scontent-ssn1-1.cdninstagram.com&_nc_cat=111&_nc_ohc=fzS6PJCT3VYAX_m2i5D&_nc_tp=18&oh=886857edbb0ddf42063023dbd9a8723e&oe=5FA570D7,2020년 7월 28일
스웨이커피스테이션,연희,11,https://www.instagram.com/p/CC8EymIJxbe/,https://scontent-ssn1-1.cdninstagram.com/v/t51.2885-15/e35/110288143_4086303688107353_647760064635776688_n.jpg?_nc_ht=scontent-ssn1-1.cdninstagram.com&_nc_cat=105&_nc_ohc=holh80ZRO20AX92wI60&_nc_tp=18&oh=ebe4140286de7999c0d7e4bf951ec1f5&oe=5FA6C118,2020년 7월 22일
인왕산 대충유원지,서촌,41,https://www.instagram.com/p/CFi76N5hHXE/,https://scontent-ssn1-1.cdninstagram.com/v/t51.2885-15/fr/e15/s1080x1080/120039035_3326789930730778_2850883210200061213_n.jpg?_nc_ht=scontent-ssn1-1.cdninstagram.com&_nc_cat=110&_nc_ohc=87ngJ4HIu_sAX91wrZq&oh=07b5c11a2d380e673af5b49ce6ef5bf6&oe=5FA4B290,2020년 9월 25일
88선수촌,논현 종각 신사,92,https://www.instagram.com/p/Byw86KDJ2V8/,https://scontent-ssn1-1.cdninstagram.com/v/t51.2885-15/e35/64804265_2291081084541654_8810620363995755001_n.jpg?_nc_ht=scontent-ssn1-1.cdninstagram.com&_nc_cat=106&_nc_ohc=I6Eal1Z6gw4AX_qMW7o&_nc_tp=18&oh=b3e64d301b2bb13c7ff50f07760c7dba&oe=5FA60762,2019년 6월 16일
있을 재,신사동,96,https://www.instagram.com/p/B10pqh4JMB1/,https://scontent-ssn1-1.cdninstagram.com/v/t51.2885-15/e35/69518736_120755682621572_5881508950647945145_n.jpg?_nc_ht=scontent-ssn1-1.cdninstagram.com&_nc_cat=108&_nc_ohc=Q1oSGTu_9pAAX_1wats&_nc_tp=18&oh=ab79fefee3bb3f33b1afb9a32d450709&oe=5FA51C1F,2019년 8월 31일
백색소음,연희동,109,https://www.instagram.com/p/BzII12yp1NV/,https://scontent-ssn1-1.cdninstagram.com/v/t51.2885-15/e35/64522344_143923250033567_5688995068170249664_n.jpg?_nc_ht=scontent-ssn1-1.cdninstagram.com&_nc_cat=111&_nc_ohc=DWrf_vAfH8YAX-YhlPw&_nc_tp=18&oh=8e9283755ad2c8e4719223f5b06f6734&oe=5FA85220,2019년 6월 25일
맥파이 브루잉 컴퍼니,이태원,107,https://www.instagram.com/p/B9RjhBkp5I-/,https://scontent-ssn1-1.cdninstagram.com/v/t51.2885-15/e35/88202285_634540730714049_494610437721239345_n.jpg?_nc_ht=scontent-ssn1-1.cdninstagram.com&_nc_cat=109&_nc_ohc=TS5mMgnBfU0AX9BTSgT&_nc_tp=18&oh=a1e6e1c65c03dd60e364c1fbe677a78a&oe=5FA5C866,2020년 3월 3일
장미로타리크럽,상수,40,https://www.instagram.com/p/CEWMKIvBAzq/,https://scontent-ssn1-1.cdninstagram.com/v/t51.2885-15/fr/e15/s1080x1080/118310034_3206018836143135_5609428797367734735_n.jpg?_nc_ht=scontent-ssn1-1.cdninstagram.com&_nc_cat=103&_nc_ohc=uGPLeMLdyQgAX9VhKOK&oh=6707fc62e414b716e76fce6757dc105e&oe=5FA5FA27,2020년 8월 26일
래핑폭스,연희,27,https://www.instagram.com/p/CFet4LMAaeu/,https://scontent-ssn1-1.cdninstagram.com/v/t51.2885-15/fr/e15/s1080x1080/119988066_782406515918907_3306127545445847877_n.jpg?_nc_ht=scontent-ssn1-1.cdninstagram.com&_nc_cat=103&_nc_ohc=Y9_QL9N5uHwAX_0Pj_b&oh=5b04e27522afe9ee95256b138526c70d&oe=5FA7ECD3,2020년 9월 23일
카페 봇봇봇,성수,42,https://www.instagram.com/p/CEntt6sFlOf/,https://scontent-ssn1-1.cdninstagram.com/v/t51.2885-15/fr/e15/s1080x1080/118628422_1036922360072763_1217002915953010194_n.jpg?_nc_ht=scontent-ssn1-1.cdninstagram.com&_nc_cat=103&_nc_ohc=5aitI5jLF60AX_O3oaF&oh=36db189a9cbf50f0eb32de33d983b829&oe=5FA84EDF,2020년 9월 2일
브로벨 커피,성수,43,https://www.instagram.com/p/CF4dzdiD7_z/,https://scontent-ssn1-1.cdninstagram.com/v/t51.2885-15/fr/e15/s1080x1080/120460578_1310874065920913_2867951331102890884_n.jpg?_nc_ht=scontent-ssn1-1.cdninstagram.com&_nc_cat=105&_nc_ohc=OoEzo5fSVSUAX_VPFn8&oh=d341abf3000611c9a54c17eb092f8366&oe=5FA65D3E,2020년 10월 3일
꽁티드툴레아,도산공원,146,https://www.instagram.com/p/B6LK-uGJ3gl/,https://scontent-ssn1-1.cdninstagram.com/v/t51.2885-15/e35/75483279_285606529067982_4187193565857189187_n.jpg?_nc_ht=scontent-ssn1-1.cdninstagram.com&_nc_cat=106&_nc_ohc=ValBNs1ASEMAX8cEFYX&_nc_tp=18&oh=5928c952f5669fd6c333447c3cbe2d84&oe=5FA7C35A,2019년 12월 17일
오리앙떼,한남동,346,https://www.instagram.com/p/B0KA44FpiST/,https://scontent-ssn1-1.cdninstagram.com/v/t51.2885-15/e35/66432031_2330552050372436_8950366572469823101_n.jpg?_nc_ht=scontent-ssn1-1.cdninstagram.com&_nc_cat=108&_nc_ohc=EfX7S8x1KZcAX-_eSlS&_nc_tp=18&oh=1863e844d1603b380b641cf278d658a2&oe=5FA76271,2019년 7월 21일
리틀넥,청담,32,https://www.instagram.com/p/CDKuGIzJSOT/,https://scontent-ssn1-1.cdninstagram.com/v/t51.2885-15/e35/116105539_3072917146089298_6157357325117901040_n.jpg?_nc_ht=scontent-ssn1-1.cdninstagram.com&_nc_cat=110&_nc_ohc=gMwgMV1V6v8AX-hOGbS&_nc_tp=18&oh=50c83d283412ed74823280a0cd561ef6&oe=5FA81ED2,2020년 7월 28일
소세지하우스,상암,101,https://www.instagram.com/p/Bz5ExqEJHEq/,https://scontent-ssn1-1.cdninstagram.com/v/t51.2885-15/e35/66651923_739421606513590_7832482215602579640_n.jpg?_nc_ht=scontent-ssn1-1.cdninstagram.com&_nc_cat=110&_nc_ohc=_Zc113qhFeoAX9ATxvi&_nc_tp=18&oh=7de53a8d12ca99421427264166123f7d&oe=5FA6B8F2,2019년 7월 14일
공공거실,혜화,104,https://www.instagram.com/p/B14vaB6p4DW/,https://scontent-ssn1-1.cdninstagram.com/v/t51.2885-15/e35/69646591_952120408513398_3344646093169541152_n.jpg?_nc_ht=scontent-ssn1-1.cdninstagram.com&_nc_cat=106&_nc_ohc=hXa7wZbSSagAX-IWYRA&_nc_tp=18&oh=0c6f1e3fbc34ce58e56b3023468f59f7&oe=5FA4DE33,2019년 9월 2일
보너스,을지로,134,https://www.instagram.com/p/B7n-sndJMKE/,https://scontent-ssn1-1.cdninstagram.com/v/t51.2885-15/e35/81574353_3438213576249913_4751891296697310737_n.jpg?_nc_ht=scontent-ssn1-1.cdninstagram.com&_nc_cat=101&_nc_ohc=eey7LB17e9gAX9S5ysy&_nc_tp=18&oh=786fc4f7393b50d6ec25da5d479284a2&oe=5FA8A2D5,2020년 1월 22일
MAISON M'O,메종엠오,123,https://www.instagram.com/p/BvYHwfLFaWF/,https://scontent-ssn1-1.cdninstagram.com/v/t51.2885-15/e35/54731901_387174442113974_7508129473182222743_n.jpg?_nc_ht=scontent-ssn1-1.cdninstagram.com&_nc_cat=102&_nc_ohc=SCmTt5V3PKoAX8wN-vK&_nc_tp=18&oh=846897cee492e6eee39ad8f3e5cc35ff&oe=5FA89662,2019년 3월 24일
일호식,한남,15,https://www.instagram.com/p/CC-r-AoJq67/,https://scontent-ssn1-1.cdninstagram.com/v/t51.2885-15/e35/110051572_609179163354077_8854533788331203248_n.jpg?_nc_ht=scontent-ssn1-1.cdninstagram.com&_nc_cat=105&_nc_ohc=9q8WZOdWMZ8AX9-LfYe&_nc_tp=18&oh=dbb1f00d0694c1fd260241e5d9117bc8&oe=5FA78637,2020년 7월 23일
사루비아 다방,연희동,123,https://www.instagram.com/p/B6-zivkJTNL/,https://scontent-ssn1-1.cdninstagram.com/v/t51.2885-15/e35/79866815_188193168904639_1929528366864854383_n.jpg?_nc_ht=scontent-ssn1-1.cdninstagram.com&_nc_cat=107&_nc_ohc=BBLK-_2CBM0AX_t0Lke&_nc_tp=18&oh=81063e37791fd36f80bff811d89e1a4d&oe=5FA4D937,2020년 1월 6일
타이로띠,연남,40,https://www.instagram.com/p/CE9PfsqAIuP/,https://scontent-ssn1-1.cdninstagram.com/v/t51.2885-15/fr/e15/s1080x1080/119163530_360436868430932_5363531910562494263_n.jpg?_nc_ht=scontent-ssn1-1.cdninstagram.com&_nc_cat=108&_nc_ohc=yh303KmDzZAAX-BAmuX&oh=888f9446c19bf4e88ac75205cd34a7ce&oe=5FA5F18B,2020년 9월 10일
카페죠꽁드,삼청동,209,https://www.instagram.com/p/B2IMH88J0en/,https://scontent-ssn1-1.cdninstagram.com/v/t51.2885-15/e35/69550468_724171758047898_5946791735331722135_n.jpg?_nc_ht=scontent-ssn1-1.cdninstagram.com&_nc_cat=106&_nc_ohc=-3e5K3Ue5KgAX9-p61E&_nc_tp=18&oh=1f1f27a068c896e3831737ea07c47176&oe=5FA80BEB,2019년 9월 8일
시장에 간 남자,홍대,113,https://www.instagram.com/p/B5p06LdpoYW/,https://scontent-ssn1-1.cdninstagram.com/v/t51.2885-15/e35/72257974_447305535969451_6894932293172229862_n.jpg?_nc_ht=scontent-ssn1-1.cdninstagram.com&_nc_cat=107&_nc_ohc=23_e7dlFVaMAX8oDDw7&_nc_tp=18&oh=fbd407c9cf025fc8d76bf0ee8cadf593&oe=5FA72B26,2019년 12월 4일
BAEKDUGANGSAN,백두강산,83,https://www.instagram.com/p/BvMQ-ZcleeY/,https://scontent-ssn1-1.cdninstagram.com/v/t51.2885-15/e35/54513568_160663158184176_7863561442388396148_n.jpg?_nc_ht=scontent-ssn1-1.cdninstagram.com&_nc_cat=100&_nc_ohc=YyI2ClNwOUkAX_h3EZP&_nc_tp=18&oh=22cfe9ff0f2ea9d36b4e37ba2c96ec8a&oe=5FA4F0E0,2019년 3월 19일
보틀팩토리,연희,32,https://www.instagram.com/p/CEJvriIFudb/,https://scontent-ssn1-1.cdninstagram.com/v/t51.2885-15/fr/e15/s1080x1080/117820747_624264031787370_7183783848602275092_n.jpg?_nc_ht=scontent-ssn1-1.cdninstagram.com&_nc_cat=106&_nc_ohc=TLAv4LTQjnsAX_dXIs-&oh=1f1449214369b18a9287ce22e3e962a5&oe=5FA59D5F,2020년 8월 21일
폴키,서촌,135,https://www.instagram.com/p/CAU1TKTJs1I/,https://scontent-ssn1-1.cdninstagram.com/v/t51.2885-15/e35/97230133_164428751729113_9028129483385283611_n.jpg?_nc_ht=scontent-ssn1-1.cdninstagram.com&_nc_cat=101&_nc_ohc=1ZM3hUvxXX8AX9QMGdw&_nc_tp=18&oh=7d18fb34c6ec54b060712bc23b5744b3&oe=5FA4C657,2020년 5월 18일
고래바,자양동,127,https://www.instagram.com/p/B96jkNspNyE/,https://scontent-ssn1-1.cdninstagram.com/v/t51.2885-15/e35/90314976_853949725120703_4567584943457885737_n.jpg?_nc_ht=scontent-ssn1-1.cdninstagram.com&_nc_cat=111&_nc_ohc=0jP1ixk6Lz0AX_VfoW5&_nc_tp=18&oh=aea6a72ad15b75a565e79342b0180108&oe=5FA57024,2020년 3월 19일
다운타우너,청담,141,https://www.instagram.com/p/B1lNFwupE8E/,https://scontent-ssn1-1.cdninstagram.com/v/t51.2885-15/e35/68999541_368698304038198_8923279151828837701_n.jpg?_nc_ht=scontent-ssn1-1.cdninstagram.com&_nc_cat=110&_nc_ohc=J_9R_eAODY8AX9i4os_&_nc_tp=18&oh=1f7bf76648ee0d9c9d295cfc9f892717&oe=5FA5FAA4,2019년 8월 25일
소나,가로수길,121,https://www.instagram.com/p/B1r2wnPpsh8/,https://scontent-ssn1-1.cdninstagram.com/v/t51.2885-15/e35/69045070_522246371850777_9204675991207636818_n.jpg?_nc_ht=scontent-ssn1-1.cdninstagram.com&_nc_cat=109&_nc_ohc=_RVP8hj4TeoAX-Pb4J6&_nc_tp=18&oh=8202b522482ec4b5fcccdab607d876cb&oe=5FA4DE5A,2019년 8월 28일
도림서재,신도림,84,https://www.instagram.com/p/B5fgUPMJT2t/,https://scontent-ssn1-1.cdninstagram.com/v/t51.2885-15/e35/75288575_186926402480137_7313269547733042851_n.jpg?_nc_ht=scontent-ssn1-1.cdninstagram.com&_nc_cat=101&_nc_ohc=7-kbj0K2pmAAX9mWvdL&_nc_tp=18&oh=934d98919b44de1c500880e3e42a448f&oe=5FA67562,2019년 11월 30일
빵어니스타,압구정,44,https://www.instagram.com/p/CETHUXzlgiU/,https://scontent-ssn1-1.cdninstagram.com/v/t51.2885-15/fr/e15/p1080x1080/118214229_196578775395603_5158346667958303995_n.jpg?_nc_ht=scontent-ssn1-1.cdninstagram.com&_nc_cat=103&_nc_ohc=8xXsabMZrvoAX8JYZjk&oh=24bca83a36f4d59ae1eb846730e946de&oe=5FA59503,2020년 8월 25일
연남테라스,연남,42,https://www.instagram.com/p/CEqQOROHQnM/,https://scontent-ssn1-1.cdninstagram.com/v/t51.2885-15/fr/e15/s1080x1080/118693982_624397921781989_6852777017356308843_n.jpg?_nc_ht=scontent-ssn1-1.cdninstagram.com&_nc_cat=101&_nc_ohc=62a9Px3Wu2YAX-sVcD4&oh=5da68161278b11eed45981def9f2371e&oe=5FA7EA93,2020년 9월 3일
아트몬스터,강남역점,47,https://www.instagram.com/p/CDySrDKpjtg/,https://scontent-ssn1-1.cdninstagram.com/v/t51.2885-15/e35/117284525_588958605128706_7671487401003051133_n.jpg?_nc_ht=scontent-ssn1-1.cdninstagram.com&_nc_cat=106&_nc_ohc=iQhZ8cea_ugAX-9c4ac&_nc_tp=18&oh=9406ebca75fdb71d6eb2aeab4b5fddb0&oe=5FA837EC,2020년 8월 12일
프라하펍,상수,86,https://www.instagram.com/p/B31xI6oJEEh/,https://scontent-ssn1-1.cdninstagram.com/v/t51.2885-15/e35/75244468_138983124155474_9008712700033578226_n.jpg?_nc_ht=scontent-ssn1-1.cdninstagram.com&_nc_cat=102&_nc_ohc=gxpGQQhM8YAAX9AC8Ls&_nc_tp=18&oh=821f9e9d8d481cf1369d8693061685d1&oe=5FA70B3D,2019년 10월 20일
청수당,익선동,213,https://www.instagram.com/p/CAIAdVnJJUO/,https://scontent-ssn1-1.cdninstagram.com/v/t51.2885-15/e35/97136861_245659669841966_4005049321293376700_n.jpg?_nc_ht=scontent-ssn1-1.cdninstagram.com&_nc_cat=102&_nc_ohc=xlNnjKu5TOAAX-_ZggE&_nc_tp=18&oh=6a5f32397a25158c01d6d089fac5d2a4&oe=5FA55245,2020년 5월 13일
호아드,삼청동,44,https://www.instagram.com/p/CF_NT2JActR/,https://scontent-ssn1-1.cdninstagram.com/v/t51.2885-15/fr/e15/s1080x1080/120771645_1025316087929344_8171859316983023266_n.jpg?_nc_ht=scontent-ssn1-1.cdninstagram.com&_nc_cat=104&_nc_ohc=c7BdxqR2DF0AX9jMhJW&oh=8ca2121d0666abf283efc1f77282b273&oe=5FA4CBFF,2020년 10월 6일
수라간,연남동,57,https://www.instagram.com/p/CEQgQ6hjTwh/,https://scontent-ssn1-1.cdninstagram.com/v/t51.2885-15/fr/e15/p1080x1080/118282359_245417389893524_9091333303913222330_n.jpg?_nc_ht=scontent-ssn1-1.cdninstagram.com&_nc_cat=108&_nc_ohc=CNuZVS5NOVYAX95MelX&oh=180c2f25cd68506beadcd1e23fa1cc74&oe=5FA83F17,2020년 8월 24일
오늘그대와,연남동,36,https://www.instagram.com/p/CFQ11Sjgst-/,https://scontent-ssn1-1.cdninstagram.com/v/t51.2885-15/fr/e15/s1080x1080/119865391_776036636581579_2472748766890221711_n.jpg?_nc_ht=scontent-ssn1-1.cdninstagram.com&_nc_cat=107&_nc_ohc=eBBvuwb_B1UAX-TZ2kl&oh=36ae44dca2364801c0db6aec787422c7&oe=5FA59A2A,2020년 9월 18일
와이즈오렌지,연희,48,https://www.instagram.com/p/CDq3eKdpEZR/,https://scontent-ssn1-1.cdninstagram.com/v/t51.2885-15/e35/117171079_319815002703320_4008093037251694451_n.jpg?_nc_ht=scontent-ssn1-1.cdninstagram.com&_nc_cat=108&_nc_ohc=6FqVNdxclS4AX9Zw911&_nc_tp=18&oh=c20aebb1711e14802e0ce681ca5e6bc9&oe=5FA55965,2020년 8월 9일
오늘그대와,연남동,152,https://www.instagram.com/p/B0dIoa3ptiZ/,https://scontent-ssn1-1.cdninstagram.com/v/t51.2885-15/e35/67157618_826359131092493_4834676529626245868_n.jpg?_nc_ht=scontent-ssn1-1.cdninstagram.com&_nc_cat=105&_nc_ohc=hKcX7WrBBlAAX8JotJb&_nc_tp=18&oh=73b656801c7478350a37fdeae1a05a42&oe=5FA602A3,2019년 7월 28일
레몬그라스,성수동,105,https://www.instagram.com/p/Bzc2gPiJOTU/,https://scontent-ssn1-1.cdninstagram.com/v/t51.2885-15/e35/64389629_345969639414726_4032113040205776190_n.jpg?_nc_ht=scontent-ssn1-1.cdninstagram.com&_nc_cat=106&_nc_ohc=e59QxVpZ1jcAX-WSIKr&_nc_tp=18&oh=a3b04bf075f8e1d9196874abfddd8370&oe=5FA5C044,2019년 7월 3일
1인 1잔,은평,48,https://www.instagram.com/p/CEMUeEtDQ0l/,https://scontent-ssn1-1.cdninstagram.com/v/t51.2885-15/fr/e15/p1080x1080/118478125_624038014916188_881952307437394371_n.jpg?_nc_ht=scontent-ssn1-1.cdninstagram.com&_nc_cat=104&_nc_ohc=fg9PYSP6o5wAX8dlxfe&oh=41a2d158b508703cd914eb00110a4bc4&oe=5FA4F69F,2020년 8월 22일
서촌음료연구소,누하동,192,https://www.instagram.com/p/B0cDSmTptdC/,https://scontent-ssn1-1.cdninstagram.com/v/t51.2885-15/e35/66623799_2134091960216881_3564117492530374631_n.jpg?_nc_ht=scontent-ssn1-1.cdninstagram.com&_nc_cat=101&_nc_ohc=Y1i6T5silz4AX86GPkq&_nc_tp=18&oh=a708661dacb1d373facf2b92140b435f&oe=5FA56E84,2019년 7월 28일
아케이드 서울,홍대,140,https://www.instagram.com/p/B83zib7JI-d/,https://scontent-ssn1-1.cdninstagram.com/v/t51.2885-15/e35/83921618_784083545412638_6537824832956014533_n.jpg?_nc_ht=scontent-ssn1-1.cdninstagram.com&_nc_cat=102&_nc_ohc=cRuwo6j3HB0AX8TNYm8&_nc_tp=18&oh=743b4a16ccf52604dd42d3877b7e2403&oe=5FA74B3C,2020년 2월 22일
모어댄레스,이태원,102,https://www.instagram.com/p/B3Mont_J9HZ/,https://scontent-ssn1-1.cdninstagram.com/v/t51.2885-15/e35/71060641_139527433983382_359723360159757959_n.jpg?_nc_ht=scontent-ssn1-1.cdninstagram.com&_nc_cat=110&_nc_ohc=KmE5XKMDp3kAX-njgM5&_nc_tp=18&oh=79609cdeb3eb4ce08ab45f6b02b4a590&oe=5FA7F096,2019년 10월 4일
와필레,녹사평,40,https://www.instagram.com/p/CFuKoVmnPmb/,https://scontent-ssn1-1.cdninstagram.com/v/t51.2885-15/fr/e15/p1080x1080/120202236_983577032119194_927300873011492093_n.jpg?_nc_ht=scontent-ssn1-1.cdninstagram.com&_nc_cat=106&_nc_ohc=l5cTFkDCFXQAX-CvK1H&oh=86e5baec46f928251550ab120ae92cbc&oe=5FA5D4B0,2020년 9월 29일
레커,청담,34,https://www.instagram.com/p/CE1hIRnAxf1/,https://scontent-ssn1-1.cdninstagram.com/v/t51.2885-15/fr/e15/p1080x1080/118881982_338659584043008_2510670225898587445_n.jpg?_nc_ht=scontent-ssn1-1.cdninstagram.com&_nc_cat=100&_nc_ohc=kyWpWMGWleQAX_UoL0a&oh=73e101413f6b22183563f59283c6e718&oe=5FA5ACC5,2020년 9월 7일
양키스그릴,문래동,95,https://www.instagram.com/p/B3E-xXNJQEr/,https://scontent-ssn1-1.cdninstagram.com/v/t51.2885-15/e35/70842052_407988979913041_4346389845317469575_n.jpg?_nc_ht=scontent-ssn1-1.cdninstagram.com&_nc_cat=101&_nc_ohc=LlUBZdMSA5AAX-sj3Yg&_nc_tp=18&oh=0e1297bc2d22b9fc59d3b32db5a38827&oe=5FA6B4D8,2019년 10월 1일
DEEP BLUE LAKE,딥블루레이크,104,https://www.instagram.com/p/BvWgxDQlv6y/,https://scontent-ssn1-1.cdninstagram.com/v/t51.2885-15/e35/53863047_389305004954878_3490794623276431771_n.jpg?_nc_ht=scontent-ssn1-1.cdninstagram.com&_nc_cat=110&_nc_ohc=-M0m7x59kQwAX8fD_z1&_nc_tp=18&oh=1a9c4d47d54e7733c99496b7fcd64592&oe=5FA595B2,2019년 3월 23일
모리츠플라츠,신촌,43,https://www.instagram.com/p/CD84xZIplSX/,https://scontent-ssn1-1.cdninstagram.com/v/t51.2885-15/e35/117607704_305716790639576_4894788121719688594_n.jpg?_nc_ht=scontent-ssn1-1.cdninstagram.com&_nc_cat=108&_nc_ohc=F698CVOG_1wAX8dsuFJ&_nc_tp=18&oh=996b29746e60e5425da9a2d629faa142&oe=5FA86F0D,2020년 8월 16일
쉐라미,양재,73,https://www.instagram.com/p/CA-F0ctpc6k/,https://scontent-ssn1-1.cdninstagram.com/v/t51.2885-15/e35/101924999_551583905719289_955445491824392775_n.jpg?_nc_ht=scontent-ssn1-1.cdninstagram.com&_nc_cat=105&_nc_ohc=paNQ1F4jbCoAX8Wsiew&_nc_tp=18&oh=5823b186e88a3264ad0738ab5b3ef7ab&oe=5FA5C779,2020년 6월 3일
도렐,성수 (육지 3호점),128,https://www.instagram.com/p/B1CquBfJL6o/,https://scontent-ssn1-1.cdninstagram.com/v/t51.2885-15/e35/67441698_2934928779911094_8358269614290173790_n.jpg?_nc_ht=scontent-ssn1-1.cdninstagram.com&_nc_cat=106&_nc_ohc=YpUAn2cjXYgAX_AxzSd&_nc_tp=18&oh=22ec42c28be2f8577141bcd42c390338&oe=5FA633F8,2019년 8월 12일
감계무량,영등포,100,https://www.instagram.com/p/B1BKJ6SJqZe/,https://scontent-ssn1-1.cdninstagram.com/v/t51.2885-15/e35/67319039_745435115876963_6081137098116052057_n.jpg?_nc_ht=scontent-ssn1-1.cdninstagram.com&_nc_cat=111&_nc_ohc=wTQE0Z1FvucAX_z2BN9&_nc_tp=18&oh=2a2f8647715b777e7e8de247e6cd7f07&oe=5FA63854,2019년 8월 11일
가배도,삼청점 (역삼송파),186,https://www.instagram.com/p/B01y6QcpACM/,https://scontent-ssn1-1.cdninstagram.com/v/t51.2885-15/e35/68785486_475204006637503_1266430369082723621_n.jpg?_nc_ht=scontent-ssn1-1.cdninstagram.com&_nc_cat=107&_nc_ohc=NbPr4O_bMKIAX8sWfrb&_nc_tp=18&oh=b0dd55fb56a422a400954b1d9e3ebb11&oe=5FA89E98,2019년 8월 7일
카린지,성수,6,https://www.instagram.com/p/CDGZbGBpVvv/,https://scontent-ssn1-1.cdninstagram.com/v/t51.2885-15/e35/115844006_162303268773774_6555915462718205074_n.jpg?_nc_ht=scontent-ssn1-1.cdninstagram.com&_nc_cat=106&_nc_ohc=C-qTNgtMu2sAX-Ux6AM&_nc_tp=18&oh=01e87f47741922a110e6ad4c1fcc48ee&oe=5FA50262,2020년 7월 26일
고반 라라갈비,신사 가로수길,97,https://www.instagram.com/p/B0jxKflFaVU/,https://scontent-ssn1-1.cdninstagram.com/v/t51.2885-15/e35/66416931_871795366514389_6642914332998438831_n.jpg?_nc_ht=scontent-ssn1-1.cdninstagram.com&_nc_cat=101&_nc_ohc=ZmgDY55LSa0AX9u1I2E&_nc_tp=18&oh=dc90b6ad21bd650054e5090a74c9cabf&oe=5FA4C5B6,2019년 7월 31일
별달밤,혜화,34,https://www.instagram.com/p/CFR14Tmjxz3/,https://scontent-ssn1-1.cdninstagram.com/v/t51.2885-15/fr/e15/s1080x1080/119581284_857299558346928_2057243993598291355_n.jpg?_nc_ht=scontent-ssn1-1.cdninstagram.com&_nc_cat=100&_nc_ohc=MRCyYtH0I_gAX9Kg3Gi&oh=9fbc9aea1054be9d4bc3fece8966ef07&oe=5FA4F8D3,2020년 9월 18일
바코포차,합정,269,https://www.instagram.com/p/Bz7qbXEJgrn/,https://scontent-ssn1-1.cdninstagram.com/v/t51.2885-15/e35/65585993_871639679868417_4801883313431087177_n.jpg?_nc_ht=scontent-ssn1-1.cdninstagram.com&_nc_cat=109&_nc_ohc=Ycjkb8OxnFMAX8PrFo0&_nc_tp=18&oh=29dd42abc23b75ac6d2a95612a706121&oe=5FA70101,2019년 7월 15일
다과상사,효창공원,163,https://www.instagram.com/p/B2mAaw7JHGb/,https://scontent-ssn1-1.cdninstagram.com/v/t51.2885-15/e35/69769940_454068865451151_1836527933652397802_n.jpg?_nc_ht=scontent-ssn1-1.cdninstagram.com&_nc_cat=103&_nc_ohc=1wkskKBjgjkAX85G5q3&_nc_tp=18&oh=f4da0ce91332a1d48a614e10b47f5938&oe=5FA6EF2C,2019년 9월 19일
키친31,신촌,137,https://www.instagram.com/p/B-KJ071pxkI/,https://scontent-ssn1-1.cdninstagram.com/v/t51.2885-15/e35/90776431_2561649170716505_203862594142338863_n.jpg?_nc_ht=scontent-ssn1-1.cdninstagram.com&_nc_cat=105&_nc_ohc=rHUajNLYhnAAX8ZVadL&_nc_tp=18&oh=1f371353e163b7cf4956e9933961df6b&oe=5FA4EB5B,2020년 3월 25일
에잇디 서울,압구정로데오,44,https://www.instagram.com/p/CEjfmtulu4D/,https://scontent-ssn1-1.cdninstagram.com/v/t51.2885-15/fr/e15/s1080x1080/118517772_255869112085103_5531709678515575099_n.jpg?_nc_ht=scontent-ssn1-1.cdninstagram.com&_nc_cat=111&_nc_ohc=EAOM-LighSEAX8M09yG&oh=41a0cfcdf75b06c51d706c19962e6dd9&oe=5FA76B0B,2020년 8월 31일
비스트로 사랑방,홍대,149,https://www.instagram.com/p/B5QGAmZJT1C/,https://scontent-ssn1-1.cdninstagram.com/v/t51.2885-15/e35/73321517_585326638879391_5569243601041685284_n.jpg?_nc_ht=scontent-ssn1-1.cdninstagram.com&_nc_cat=111&_nc_ohc=J2Uhg7gZjvIAX8c_-nQ&_nc_tp=18&oh=750756b93d1b833eb84bb99f00f7afed&oe=5FA784FD,2019년 11월 24일
호호식당,대학로익선동 성수,56,https://www.instagram.com/p/CElqG9qlilG/,https://scontent-ssn1-1.cdninstagram.com/v/t51.2885-15/fr/e15/s1080x1080/118603133_206103694274191_213426748410480450_n.jpg?_nc_ht=scontent-ssn1-1.cdninstagram.com&_nc_cat=107&_nc_ohc=N8QRl0NEIZ4AX_lGGTx&oh=4ef1ad094847e4bf3555125b1e09c305&oe=5FA5B422,2020년 9월 1일
크리에잇쿠키,역삼 방배 광화문,116,https://www.instagram.com/p/B3UXyexJh_W/,https://scontent-ssn1-1.cdninstagram.com/v/t51.2885-15/e35/71782976_774051166387348_3529996690701733825_n.jpg?_nc_ht=scontent-ssn1-1.cdninstagram.com&_nc_cat=104&_nc_ohc=qLWncbynKIwAX8r9b-C&_nc_tp=18&oh=41218ba76d21efae1a4783217e2c2019&oe=5FA6C1F4,2019년 10월 7일
로만테이,압구정,58,https://www.instagram.com/p/CFg6BR6BE-Q/,https://scontent-ssn1-1.cdninstagram.com/v/t51.2885-15/fr/e15/p1080x1080/120086720_197609361795409_6234826866528835506_n.jpg?_nc_ht=scontent-ssn1-1.cdninstagram.com&_nc_cat=101&_nc_ohc=wbhDckx03S0AX9voOFz&oh=39122d1b25c8f9326154d38055e64aa9&oe=5FA59E62,2020년 9월 24일
딥커피,홍대,74,https://www.instagram.com/p/CBF5Yetp99j/,https://scontent-ssn1-1.cdninstagram.com/v/t51.2885-15/e35/102643747_147617153550468_809224522358719669_n.jpg?_nc_ht=scontent-ssn1-1.cdninstagram.com&_nc_cat=100&_nc_ohc=FIjO1vYSZt4AX8Og1ww&_nc_tp=18&oh=2ff07f9ecec4706c9330482df05f9e8c&oe=5FA5EF24,2020년 6월 6일
씨스루,경리단길,188,https://www.instagram.com/p/BzoiN6vp6pq/,https://scontent-ssn1-1.cdninstagram.com/v/t51.2885-15/e35/65314269_640164323163185_1315896525453640309_n.jpg?_nc_ht=scontent-ssn1-1.cdninstagram.com&_nc_cat=105&_nc_ohc=AuLNdSaxwdkAX_QKSWH&_nc_tp=18&oh=8301351ae279ce6e8b8eedab2e848387&oe=5FA65FAE,2019년 7월 8일
웨이브스,문래동,117,https://www.instagram.com/p/BznDESfJjy8/,https://scontent-ssn1-1.cdninstagram.com/v/t51.2885-15/e35/64329472_565278833877425_1995694089537602297_n.jpg?_nc_ht=scontent-ssn1-1.cdninstagram.com&_nc_cat=105&_nc_ohc=LX3T1TIi15QAX9IiLc1&_nc_tp=18&oh=641e4703328b02d1f5361dc3c4c71557&oe=5FA817CC,2019년 7월 7일
이누식당,방배,123,https://www.instagram.com/p/B9_mcaopO9d/,https://scontent-ssn1-1.cdninstagram.com/v/t51.2885-15/e35/90089871_2691203164335866_1142581807211891097_n.jpg?_nc_ht=scontent-ssn1-1.cdninstagram.com&_nc_cat=102&_nc_ohc=yQifkaxJBVMAX-xQ0Zj&_nc_tp=18&oh=0b2e70b3a38825dae36dbcc5274f32f6&oe=5FA642F2,2020년 3월 21일
Esanghyang,이상향,64,https://www.instagram.com/p/BvS4gvxFOPv/,https://scontent-ssn1-1.cdninstagram.com/v/t51.2885-15/e35/53811110_265390257679767_6924315823443699616_n.jpg?_nc_ht=scontent-ssn1-1.cdninstagram.com&_nc_cat=103&_nc_ohc=hASqyf0DwyQAX-yNWdC&_nc_tp=18&oh=4ae063587904e5618279e440f1755886&oe=5FA65AAA,2019년 3월 22일
모리츠플라츠,신촌,69,https://www.instagram.com/p/CD84rLypXj0/,https://scontent-ssn1-1.cdninstagram.com/v/t51.2885-15/e35/117705135_494738064713991_971286438977026886_n.jpg?_nc_ht=scontent-ssn1-1.cdninstagram.com&_nc_cat=103&_nc_ohc=OQD4JyKBrMoAX_By2Hs&_nc_tp=18&oh=363eda5002e3cb1275c06ce1bd31a2d9&oe=5FA6BE30,2020년 8월 16일
레리엇,이태원,97,https://www.instagram.com/p/B-cLlprJ0c9/,https://scontent-ssn1-1.cdninstagram.com/v/t51.2885-15/e35/91298409_198995601400477_7952583129631020366_n.jpg?_nc_ht=scontent-ssn1-1.cdninstagram.com&_nc_cat=101&_nc_ohc=SFmn5uQ1JFUAX_ksSgZ&_nc_tp=18&oh=fa96630f0e9acf0cd21c0ecbccd8b8d3&oe=5FA775C3,2020년 4월 1일
그린마일커피,북촌 강남,126,https://www.instagram.com/p/B_wypL9J-Xa/,https://scontent-ssn1-1.cdninstagram.com/v/t51.2885-15/e35/95979155_653181155414141_507014606757973547_n.jpg?_nc_ht=scontent-ssn1-1.cdninstagram.com&_nc_cat=105&_nc_ohc=oGXLm6vQyNkAX9kW59R&_nc_tp=18&oh=69c0f2c21e66eb109a68c702c69525c8&oe=5FA68EDB,2020년 5월 4일
김진목삼,서촌,137,https://www.instagram.com/p/BzrHuliJBz2/,https://scontent-ssn1-1.cdninstagram.com/v/t51.2885-15/e35/65908941_2085402171756286_1149720726539620396_n.jpg?_nc_ht=scontent-ssn1-1.cdninstagram.com&_nc_cat=110&_nc_ohc=ACgetAsGQGIAX9Hgx4J&_nc_tp=18&oh=e216daf6a10e78cd0b39bfb837b13f8a&oe=5FA6D3E9,2019년 7월 9일
세상끝의라멘,합정,69,https://www.instagram.com/p/CAfRcl2pIps/,https://scontent-ssn1-1.cdninstagram.com/v/t51.2885-15/e35/100381074_696104067873057_6651551330624757362_n.jpg?_nc_ht=scontent-ssn1-1.cdninstagram.com&_nc_cat=109&_nc_ohc=daaWumcvDdkAX-0H78t&_nc_tp=18&oh=2c64988f4499a47bdee2aa735e78903d&oe=5FA670B3,2020년 5월 22일
규반,신사동,90,https://www.instagram.com/p/B1yE2oap6Op/,https://scontent-ssn1-1.cdninstagram.com/v/t51.2885-15/e35/67759046_626376654558031_8993729495873763979_n.jpg?_nc_ht=scontent-ssn1-1.cdninstagram.com&_nc_cat=107&_nc_ohc=9kyqzX_db8kAX8TgF9T&_nc_tp=18&oh=6aa7aaf0a8a4677a724f44be6caddcba&oe=5FA6CE6B,2019년 8월 30일
당도,망원,111,https://www.instagram.com/p/B_9zzn5JhH6/,https://scontent-ssn1-1.cdninstagram.com/v/t51.2885-15/e35/96662422_2667855080161819_4444721971440820432_n.jpg?_nc_ht=scontent-ssn1-1.cdninstagram.com&_nc_cat=107&_nc_ohc=ytIRCVNiWXwAX8KDMTZ&_nc_tp=18&oh=e611596d7bf007c045d60970a8316650&oe=5FA615B3,2020년 5월 9일
롸카두들,이태원 (신사 분점),218,https://www.instagram.com/p/B6GIq3jp05C/,https://scontent-ssn1-1.cdninstagram.com/v/t51.2885-15/e35/75576668_166624678034500_1512630451696010324_n.jpg?_nc_ht=scontent-ssn1-1.cdninstagram.com&_nc_cat=104&_nc_ohc=F1BN_k4zWPsAX-JINcq&_nc_tp=18&oh=c6d40f3638b9c79f2f3679bdde8e0fb9&oe=5FA88D89,2019년 12월 15일
보틀팩토리,연희,64,https://www.instagram.com/p/CEJvrucHfNh/,https://scontent-ssn1-1.cdninstagram.com/v/t51.2885-15/fr/e15/s1080x1080/117825036_2693507530970647_7224674408656788737_n.jpg?_nc_ht=scontent-ssn1-1.cdninstagram.com&_nc_cat=107&_nc_ohc=jD3Bes8KD2YAX_G-7nS&oh=1117d0506e37af1431544fe8f41d299f&oe=5FA58DE2,2020년 8월 21일
이온 ; 이롭고 따뜻한 것 들,상월곡동,129,https://www.instagram.com/p/BzeY6t6phbJ/,https://scontent-ssn1-1.cdninstagram.com/v/t51.2885-15/e35/65314246_124233955489648_143410668662701190_n.jpg?_nc_ht=scontent-ssn1-1.cdninstagram.com&_nc_cat=104&_nc_ohc=bmJV1Y5bTCgAX_sLvQm&_nc_tp=18&oh=6038e0bd01b1da7008d4e6a098591847&oe=5FA5A675,2019년 7월 4일
어라운드 그린,망원,83,https://www.instagram.com/p/B-jz5ACp34P/,https://scontent-ssn1-1.cdninstagram.com/v/t51.2885-15/e35/91583595_102550804701121_3730069652689226637_n.jpg?_nc_ht=scontent-ssn1-1.cdninstagram.com&_nc_cat=101&_nc_ohc=GwVX574f26AAX9mclKJ&_nc_tp=18&oh=51f2635376d0933b902a54512dce67a9&oe=5FA70904,2020년 4월 4일
썬릿,공릉,129,https://www.instagram.com/p/Bzy1IXbphHB/,https://scontent-ssn1-1.cdninstagram.com/v/t51.2885-15/e35/65765424_395976547690113_4833012763836879126_n.jpg?_nc_ht=scontent-ssn1-1.cdninstagram.com&_nc_cat=109&_nc_ohc=PPkusuHDFnUAX8kUETV&_nc_tp=18&oh=c858298ff946afca9119e307a4175692&oe=5FA7823D,2019년 7월 12일
이상향,은평,11,https://www.instagram.com/p/CDD07acpR_j/,https://scontent-ssn1-1.cdninstagram.com/v/t51.2885-15/e35/113765961_606365446931239_3006251002814220070_n.jpg?_nc_ht=scontent-ssn1-1.cdninstagram.com&_nc_cat=107&_nc_ohc=aMJRIDIOMNEAX-bBGaY&_nc_tp=18&oh=fe3df3ab00e22494c8233a4f28be005c&oe=5FA7228A,2020년 7월 25일
두화당,남영점공덕점,149,https://www.instagram.com/p/By1B_RZpw_b/,https://scontent-ssn1-1.cdninstagram.com/v/t51.2885-15/e35/64976144_470069110462820_2094786669440211755_n.jpg?_nc_ht=scontent-ssn1-1.cdninstagram.com&_nc_cat=108&_nc_ohc=Hm0Eif77w6MAX8brwoI&_nc_tp=18&oh=8e7daa9715f16ada37dd420588c57d44&oe=5FA5A0B7,2019년 6월 18일
16p,한남,27,https://www.instagram.com/p/CDd-wIwp65l/,https://scontent-ssn1-1.cdninstagram.com/v/t51.2885-15/e35/116875685_299826951125082_7175301249546154870_n.jpg?_nc_ht=scontent-ssn1-1.cdninstagram.com&_nc_cat=106&_nc_ohc=J6J9QBiIPK0AX-IvoP-&_nc_tp=18&oh=101a63f096e5aa6a42005ebc21dd7e3e&oe=5FA4B13E,2020년 8월 4일
맛차차,성수,10,https://www.instagram.com/p/CC2aF5CJAuY/,https://scontent-ssn1-1.cdninstagram.com/v/t51.2885-15/e35/109484058_1129009640817835_2522380810318139899_n.jpg?_nc_ht=scontent-ssn1-1.cdninstagram.com&_nc_cat=107&_nc_ohc=xuH1fMxi36MAX9nID4_&_nc_tp=18&oh=8b20a2f104db85132e14aa0e322853f1&oe=5FA5BA85,2020년 7월 20일
도마,인사동점 ,90,https://www.instagram.com/p/B1pRy4npFSw/,https://scontent-ssn1-1.cdninstagram.com/v/t51.2885-15/e35/69784992_558609218009327_6151857633470283438_n.jpg?_nc_ht=scontent-ssn1-1.cdninstagram.com&_nc_cat=111&_nc_ohc=p3QpjFGKx5QAX_pLrTV&_nc_tp=18&oh=7758a25150f1e9f25bc691fcd6df25b0&oe=5FA5936A,2019년 8월 27일
살선생,이태원(동대문),154,https://www.instagram.com/p/B2EGW-cphZq/,https://scontent-ssn1-1.cdninstagram.com/v/t51.2885-15/e35/70377846_151211512641517_6825203913058785858_n.jpg?_nc_ht=scontent-ssn1-1.cdninstagram.com&_nc_cat=101&_nc_ohc=2yU4O5mGkOkAX-HH6ao&_nc_tp=18&oh=8b422d017eef2510f9cf48a5858cba2c&oe=5FA5294E,2019년 9월 6일
애정마라샹궈,성신여대,94,https://www.instagram.com/p/B8Y56yHJ2he/,https://scontent-ssn1-1.cdninstagram.com/v/t51.2885-15/e35/84020869_838058373286238_2723961744991586284_n.jpg?_nc_ht=scontent-ssn1-1.cdninstagram.com&_nc_cat=102&_nc_ohc=ObavWSKT-woAX8KcMJ1&_nc_tp=18&oh=da3693369ed9c6fc7ec8f531719841bb&oe=5FA5640C,2020년 2월 10일
히코리마을,연남,38,https://www.instagram.com/p/CEVq99-jw-7/,https://scontent-ssn1-1.cdninstagram.com/v/t51.2885-15/e15/118455175_3131231366994621_5221842952400494813_n.jpg?_nc_ht=scontent-ssn1-1.cdninstagram.com&_nc_cat=109&_nc_ohc=_1jSksIstPIAX-R2efi&_nc_tp=18&oh=0dfaa750060a2c086406a400db6bcfba&oe=5FA7E634,2020년 8월 26일
ZAPANGI (VENDING MACHINE),카페 자판기,80,https://www.instagram.com/p/Buu1dcMl7LN/,https://scontent-ssn1-1.cdninstagram.com/v/t51.2885-15/e35/52402907_123020245454357_8789388891500212214_n.jpg?_nc_ht=scontent-ssn1-1.cdninstagram.com&_nc_cat=105&_nc_ohc=TtDlMcWHBnEAX-lUL1E&_nc_tp=18&oh=f0084fd4f6d1d314e822b7985eab97d3&oe=5FA6B4C3,2019년 3월 8일
HOTEL SOOSUNHWA,수선화,50,https://www.instagram.com/p/BuS1s5QFRex/,https://scontent-ssn1-1.cdninstagram.com/v/t51.2885-15/e35/51765209_961890630673019_7768811203648117703_n.jpg?_nc_ht=scontent-ssn1-1.cdninstagram.com&_nc_cat=111&_nc_ohc=nuaiqoVjl5oAX8Ip45O&_nc_tp=18&oh=ed100231d8acdcd5ba17087fb934f5a9&oe=5FA79CA2,2019년 2월 25일
차분,신사,37,https://www.instagram.com/p/CDvKXKDpu8d/,https://scontent-ssn1-1.cdninstagram.com/v/t51.2885-15/e35/117312887_668507173741710_2223181409424509219_n.jpg?_nc_ht=scontent-ssn1-1.cdninstagram.com&_nc_cat=106&_nc_ohc=je6aBjekMPcAX-5GCBf&_nc_tp=18&oh=1c017c4bf4a4b8116e4d1757a1296a5d&oe=5FA69C15,2020년 8월 11일
비언유주얼,이태원,113,https://www.instagram.com/p/B0aiSanprWW/,https://scontent-ssn1-1.cdninstagram.com/v/t51.2885-15/e35/66473345_147828129641010_3149541291111419531_n.jpg?_nc_ht=scontent-ssn1-1.cdninstagram.com&_nc_cat=106&_nc_ohc=UYyohI_3dzEAX8E6J_f&_nc_tp=18&oh=c8cf6610e1d2d519285b3559b0301b0d&oe=5FA4F51C,2019년 7월 27일
서울리즘,송리단길,144,https://www.instagram.com/p/B3jsekaJt5h/,https://scontent-ssn1-1.cdninstagram.com/v/t51.2885-15/e35/70471403_441347833401304_872863298778213087_n.jpg?_nc_ht=scontent-ssn1-1.cdninstagram.com&_nc_cat=104&_nc_ohc=NE3JjIbEP6kAX-xnewU&_nc_tp=18&oh=ccb574a59b45fb9c44cb3ecfcacf22eb&oe=5FA5918C,2019년 10월 13일
COFFEE AND CIGARETTES,커피앤시가렛,88,https://www.instagram.com/p/BvNuQXAFTzg/,https://scontent-ssn1-1.cdninstagram.com/v/t51.2885-15/e35/53737201_1280835312071942_1903224545565067000_n.jpg?_nc_ht=scontent-ssn1-1.cdninstagram.com&_nc_cat=102&_nc_ohc=cC4UHBj-VE8AX9ttP6E&_nc_tp=18&oh=ebbe972decda59158f83bee251da0092&oe=5FA8536D,2019년 3월 20일
뭄미,마곡,124,https://www.instagram.com/p/B-WwYVcJ3iz/,https://scontent-ssn1-1.cdninstagram.com/v/t51.2885-15/e35/91417016_107051847494866_255144384276002417_n.jpg?_nc_ht=scontent-ssn1-1.cdninstagram.com&_nc_cat=110&_nc_ohc=c5-CMh4fYCIAX8Cz8iJ&_nc_tp=18&oh=4cb796c76cd5b2b13b22da8dbbeeda69&oe=5FA7453C,2020년 3월 30일
소식,해방촌,89,https://www.instagram.com/p/B39sQerpSa6/,https://scontent-ssn1-1.cdninstagram.com/v/t51.2885-15/e35/74440942_747992645664751_8377789431511913808_n.jpg?_nc_ht=scontent-ssn1-1.cdninstagram.com&_nc_cat=107&_nc_ohc=xyb9A_eWJMcAX8s9UDq&_nc_tp=18&oh=3d60048eef48b76ac94bc920e08e206b&oe=5FA897D8,2019년 10월 23일
잘빠진 메밀,서촌 익선동,114,https://www.instagram.com/p/B3wP7cvJd40/,https://scontent-ssn1-1.cdninstagram.com/v/t51.2885-15/e35/70886859_2469387386481174_2638125673800975862_n.jpg?_nc_ht=scontent-ssn1-1.cdninstagram.com&_nc_cat=106&_nc_ohc=PQujslWxW8UAX_HfTd4&_nc_tp=18&oh=897bae4898c7a9bef0ee11b517fd613d&oe=5FA6A681,2019년 10월 18일
옥인피자,서촌,99,https://www.instagram.com/p/B8ETzTbpTWx/,https://scontent-ssn1-1.cdninstagram.com/v/t51.2885-15/e35/84332828_604324383463687_3819742024114990603_n.jpg?_nc_ht=scontent-ssn1-1.cdninstagram.com&_nc_cat=107&_nc_ohc=8uvSFF1jc4oAX_HE1po&_nc_tp=18&oh=9676ac9982d79f9d03b7138db9bce72b&oe=5FA77CBA,2020년 2월 2일
멜로우왈츠,홍대,76,https://www.instagram.com/p/B194Q1xJRMT/,https://scontent-ssn1-1.cdninstagram.com/v/t51.2885-15/e35/69727438_2422150308111107_1751257141146317356_n.jpg?_nc_ht=scontent-ssn1-1.cdninstagram.com&_nc_cat=111&_nc_ohc=jDffdBOgvFUAX-fE5ti&_nc_tp=18&oh=068c9ea0ee97dd000e77f218b888ebef&oe=5FA73BAC,2019년 9월 4일
순수카츠,영등포,30,https://www.instagram.com/p/CE4F5zrHDJW/,https://scontent-ssn1-1.cdninstagram.com/v/t51.2885-15/fr/e15/s1080x1080/118832614_3380742762048253_4086050240848891917_n.jpg?_nc_ht=scontent-ssn1-1.cdninstagram.com&_nc_cat=101&_nc_ohc=KaNcj46GTVAAX9MFgjE&oh=2558672d031c3d1f73ddd0848ce5ce81&oe=5FA81AA3,2020년 9월 8일
훕훕베이글,송파,116,https://www.instagram.com/p/B0emvoCJwnd/,https://scontent-ssn1-1.cdninstagram.com/v/t51.2885-15/e35/65999504_665402647312335_7263933236412940524_n.jpg?_nc_ht=scontent-ssn1-1.cdninstagram.com&_nc_cat=103&_nc_ohc=-Q6aWlwft3gAX91IHg5&_nc_tp=18&oh=31f84b66b81f5474a49cac65a9837fc7&oe=5FA5966D,2019년 7월 29일
르솔레이,연희동,123,https://www.instagram.com/p/B6nm7kGJc6L/,https://scontent-ssn1-1.cdninstagram.com/v/t51.2885-15/e35/79151430_2503767969949321_5011794448131527176_n.jpg?_nc_ht=scontent-ssn1-1.cdninstagram.com&_nc_cat=101&_nc_ohc=puP__edmExYAX8K7y5s&_nc_tp=18&oh=7f03dbea22783e998e5e5a227bfb5adc&oe=5FA6B930,2019년 12월 28일
소소접시,상계동,106,https://www.instagram.com/p/B0AylghJvPI/,https://scontent-ssn1-1.cdninstagram.com/v/t51.2885-15/e35/66607943_2577996572423505_4043400572903176083_n.jpg?_nc_ht=scontent-ssn1-1.cdninstagram.com&_nc_cat=109&_nc_ohc=FDyefAh1qlMAX-g_cwO&_nc_tp=18&oh=ff607a46e8f0d31d4a3c1d2df9dfd6d2&oe=5FA59105,2019년 7월 17일
쓰리오브어스,성수,147,https://www.instagram.com/p/B0F7pLvpLHX/,https://scontent-ssn1-1.cdninstagram.com/v/t51.2885-15/e35/67166199_326859948266172_3165387405065131787_n.jpg?_nc_ht=scontent-ssn1-1.cdninstagram.com&_nc_cat=100&_nc_ohc=FPxkeTMZz4gAX-NSmAE&_nc_tp=18&oh=948fd98e5c91f3ee3138ae04db8ebfdd&oe=5FA4DC99,2019년 7월 19일
마핑파,망원,77,https://www.instagram.com/p/CBDAi8YJM3M/,https://scontent-ssn1-1.cdninstagram.com/v/t51.2885-15/e35/101832045_1397830687271358_3969608349598178110_n.jpg?_nc_ht=scontent-ssn1-1.cdninstagram.com&_nc_cat=106&_nc_ohc=dDJ90oBpWdEAX9kkTtS&_nc_tp=18&oh=06ab6886d8b6d19e3a8b4b187e2bdbbc&oe=5FA8950E,2020년 6월 5일
원웨이,성신여대,128,https://www.instagram.com/p/B4NITNkpiQ7/,https://scontent-ssn1-1.cdninstagram.com/v/t51.2885-15/e35/76960151_434610280561217_930359626161404198_n.jpg?_nc_ht=scontent-ssn1-1.cdninstagram.com&_nc_cat=105&_nc_ohc=nhopeHCnL4UAX_pHgt0&_nc_tp=18&oh=19f07f8a7e66bb2d9efb75e62c444bc8&oe=5FA7800C,2019년 10월 29일
오늘의 위로,망원동,123,https://www.instagram.com/p/B5nOxm8phEm/,https://scontent-ssn1-1.cdninstagram.com/v/t51.2885-15/e35/72156156_246484422982986_1601849204430373550_n.jpg?_nc_ht=scontent-ssn1-1.cdninstagram.com&_nc_cat=106&_nc_ohc=jBE2Obu3WwIAX-ilZZA&_nc_tp=18&oh=e1ae76249ccba1e84c481af7f59a90df&oe=5FA7F674,2019년 12월 3일
서울커피상회,서촌,183,https://www.instagram.com/p/B-RySy8JWyo/,https://scontent-ssn1-1.cdninstagram.com/v/t51.2885-15/e35/91083242_219511096059389_3361447362156455932_n.jpg?_nc_ht=scontent-ssn1-1.cdninstagram.com&_nc_cat=105&_nc_ohc=JvBcPFf9ZWMAX8bvMuf&_nc_tp=18&oh=1b0d88e42a0c3673bc4e73666d500767&oe=5FA7F921,2020년 3월 28일
동백양과점,익선동,147,https://www.instagram.com/p/B8OmYX2pthG/,https://scontent-ssn1-1.cdninstagram.com/v/t51.2885-15/e35/83252793_639624240197872_6151620973943363024_n.jpg?_nc_ht=scontent-ssn1-1.cdninstagram.com&_nc_cat=104&_nc_ohc=X8Me-u4-EigAX-kl_56&_nc_tp=18&oh=67a2a8d5b0a0eac13e8c08d8577667b5&oe=5FA89E97,2020년 2월 6일
보이어,성수동,110,https://www.instagram.com/p/B1FQSLVJLRt/,https://scontent-ssn1-1.cdninstagram.com/v/t51.2885-15/e35/68673854_472310133327267_9064391380541340853_n.jpg?_nc_ht=scontent-ssn1-1.cdninstagram.com&_nc_cat=103&_nc_ohc=1uUNAVw1xHQAX-YKAS8&_nc_tp=18&oh=4c8431759a7bed8ca4233911bc250d6a&oe=5FA7B8AD,2019년 8월 13일
산체스 막걸리,안국동,161,https://www.instagram.com/p/B1chg7Apxgf/,https://scontent-ssn1-1.cdninstagram.com/v/t51.2885-15/e35/68687956_514237835997302_7627788257729223236_n.jpg?_nc_ht=scontent-ssn1-1.cdninstagram.com&_nc_cat=102&_nc_ohc=JHVkzKBBVH0AX-TbyNR&_nc_tp=18&oh=f25353ee1024d3f061c2cf5fedd77200&oe=5FA6D7E6,2019년 8월 22일
공공거실,혜화,45,https://www.instagram.com/p/CEs-K_eJAhH/,https://scontent-ssn1-1.cdninstagram.com/v/t51.2885-15/fr/e15/s1080x1080/118729193_4961487467210027_5114343120343341733_n.jpg?_nc_ht=scontent-ssn1-1.cdninstagram.com&_nc_cat=111&_nc_ohc=8F9-uwj73_AAX9o0blH&oh=ddb325d7bfccc827be63692a11d6f512&oe=5FA519A7,2020년 9월 4일
더굿런드리,석촌,110,https://www.instagram.com/p/B2FpJCbpTiO/,https://scontent-ssn1-1.cdninstagram.com/v/t51.2885-15/e35/69171528_436407703636650_49861363814510840_n.jpg?_nc_ht=scontent-ssn1-1.cdninstagram.com&_nc_cat=106&_nc_ohc=dm1H-yaYJ38AX_Qc6ky&_nc_tp=18&oh=7b17bfa96d3b1984292ce625957e5e4e&oe=5FA5A4E4,2019년 9월 7일
OR.ER,오르에르,125,https://www.instagram.com/p/BvQ-Bp_l-Np/,https://scontent-ssn1-1.cdninstagram.com/v/t51.2885-15/e35/53383254_282552035996718_8351043080027120074_n.jpg?_nc_ht=scontent-ssn1-1.cdninstagram.com&_nc_cat=106&_nc_ohc=9F7KkNBDO6kAX-NsBoh&_nc_tp=18&oh=e4701711d88f07240d093bb6168f93b9&oe=5FA5E80B,2019년 3월 21일
라 쁘띠,석촌,41,https://www.instagram.com/p/CDp9ebqpixF/,https://scontent-ssn1-1.cdninstagram.com/v/t51.2885-15/e35/117326751_644869826385294_372039900430096862_n.jpg?_nc_ht=scontent-ssn1-1.cdninstagram.com&_nc_cat=106&_nc_ohc=rQUWF1_UYQ0AX--_ON-&_nc_tp=18&oh=08c24c2caa13ada336f6848bb5ece9e0&oe=5FA4DB0D,2020년 8월 9일
ROSE MANSION,장미맨숀,72,https://www.instagram.com/p/BvJbeKMFwms/,https://scontent-ssn1-1.cdninstagram.com/v/t51.2885-15/e35/53343734_447829582627703_6770795725727700485_n.jpg?_nc_ht=scontent-ssn1-1.cdninstagram.com&_nc_cat=111&_nc_ohc=zIvtoq_934kAX-8R-sC&_nc_tp=18&oh=caf115ef6d07ef2dffe37247c373b044&oe=5FA50AA5,2019년 3월 18일
