COSMOS WHOLESALE,우주만물,,,41,https://www.instagram.com/p/BuTVPeSFqid/,https://scontent-ssn1-1.cdninstagram.com/v/t51.2885-15/e35/53090676_1154132528098151_1403749310663715224_n.jpg?_nc_ht=scontent-ssn1-1.cdninstagram.com&_nc_cat=111&_nc_ohc=GYtFB9SmQWEAX-pg2A8&oh=c38b8d7c3f96fdde7d5ea7ef937773bd&oe=5F0587EB
라따몬따,서울,서울특별시 마포구 서교동 337-20,패션>수입의류,115,https://www.instagram.com/p/Bvpm6vOFgf5/,https://scontent-ssn1-1.cdninstagram.com/v/t51.2885-15/e35/54446873_368177060701073_2646981198959322859_n.jpg?_nc_ht=scontent-ssn1-1.cdninstagram.com&_nc_cat=105&_nc_ohc=zMz-7XRayOoAX_cM0Tm&oh=e8de04eb3414b15d6329b89353ac114b&oe=5F0308E0
문델리온,서울,서울특별시 마포구 서교동 333-1,"쇼핑,유통>패션",164,https://www.instagram.com/p/Bx9_yxxp7Sd/,https://scontent-ssn1-1.cdninstagram.com/v/t51.2885-15/e35/60263035_173786870284967_9169232602700857523_n.jpg?_nc_ht=scontent-ssn1-1.cdninstagram.com&_nc_cat=111&_nc_ohc=Jur6vnqf58sAX9-rorn&oh=7677321286bbc980a33a99d33002e209&oe=5F02DDBC
원모어 백,서울,서울특별시 종로구 필운동 146-1,"쇼핑,유통>가방,핸드백",132,https://www.instagram.com/p/BwIghmTFhms/,https://scontent-ssn1-1.cdninstagram.com/v/t51.2885-15/e35/55947338_371535910369428_4271056242118131667_n.jpg?_nc_ht=scontent-ssn1-1.cdninstagram.com&_nc_cat=100&_nc_ohc=SwnSj8xOVzwAX8KL4Jx&oh=bed15408174dff32b24414158911a6f2&oe=5F03D4C9
파크,서울,서울특별시 중구 소공동 70,음식점>뷔페,176,https://www.instagram.com/p/Bv2fBXll2mJ/,https://scontent-ssn1-1.cdninstagram.com/v/t51.2885-15/e35/54447042_1662932910477141_715679702586714229_n.jpg?_nc_ht=scontent-ssn1-1.cdninstagram.com&_nc_cat=109&_nc_ohc=YV8-SK3hXKAAX9Up-lx&oh=6e28d62659eb6292ef545e2ed8d26a38&oe=5F03B391
서커스보이밴드,서울,서울특별시 마포구 서교동 399-4,"쇼핑,유통>가정,생활용품",95,https://www.instagram.com/p/Bw15GLzjuxl/,https://scontent-ssn1-1.cdninstagram.com/v/t51.2885-15/e35/56894591_276230303331212_3528929077756061456_n.jpg?_nc_ht=scontent-ssn1-1.cdninstagram.com&_nc_cat=108&_nc_ohc=O_1HXLa1UsMAX9gElhh&oh=e1f7eeec2fa5742d2d36ef5f2626bc01&oe=5F03080E
모자이크,동역사,,,101,https://www.instagram.com/p/CAkO6x_pWqx/,https://scontent-ssn1-1.cdninstagram.com/v/t51.2885-15/e35/100945607_178491040162287_8329007414689986628_n.jpg?_nc_ht=scontent-ssn1-1.cdninstagram.com&_nc_cat=103&_nc_ohc=HlhswUgM730AX_tovvG&oh=fb988579e0e72de5e006dd25d87a7da3&oe=5F05BEC6
로데오 부츠,이태원,서울특별시 용산구 이태원1동 132-8,"쇼핑,유통>종합도소매",59,https://www.instagram.com/p/B3g0XwLJ00Q/,https://scontent-ssn1-1.cdninstagram.com/v/t51.2885-15/e35/70404196_1444336869048350_4803246680546301396_n.jpg?_nc_ht=scontent-ssn1-1.cdninstagram.com&_nc_cat=102&_nc_ohc=GN9sKpPSh-gAX-s-d9w&oh=0cb43faca8a311e1f9324178634c1667&oe=5F032D95
한티지,서울,서울특별시 마포구 서교동 347-14 지하1층,"쇼핑,유통>구제의류",79,https://www.instagram.com/p/B2BkSL8piOn/,https://scontent-ssn1-1.cdninstagram.com/v/t51.2885-15/e35/69411221_383034992379389_1374874373144108556_n.jpg?_nc_ht=scontent-ssn1-1.cdninstagram.com&_nc_cat=105&_nc_ohc=2DYlKd0oIEwAX86TTKv&oh=9ed74a5c9069a62d638e67fe99193355&oe=5F042A60
마켓앰 플라스크 남산 본점,서울,,,102,https://www.instagram.com/p/ByQC9T3JQlI/,https://scontent-ssn1-1.cdninstagram.com/v/t51.2885-15/e35/61748160_2315610412014102_2065529462223678217_n.jpg?_nc_ht=scontent-ssn1-1.cdninstagram.com&_nc_cat=106&_nc_ohc=d1KVvjG2MosAX-POEY7&oh=8fc2f1dc97c383984ea6182aedafeb23&oe=5F025042
애딕티드,서울,서울특별시 강남구 신사동 657-25,패션>수입의류,100,https://www.instagram.com/p/BvteJ6bFKpb/,https://scontent-ssn1-1.cdninstagram.com/v/t51.2885-15/e35/54732115_128186184919626_7047590458046903584_n.jpg?_nc_ht=scontent-ssn1-1.cdninstagram.com&_nc_cat=106&_nc_ohc=3F9S5A7MlTwAX-7F-qa&oh=a1f0e25164cf8ab6a33ce4274cf542ca&oe=5F02A523
닥터마틴 팝업 ,서울,,,65,https://www.instagram.com/p/B2-5wTSpaK9/,https://scontent-ssn1-1.cdninstagram.com/v/t51.2885-15/e35/71282903_2461724390587803_8284592360901688923_n.jpg?_nc_ht=scontent-ssn1-1.cdninstagram.com&_nc_cat=103&_nc_ohc=e6HFrJVqOLsAX8fXZct&oh=5083acc7d87542655bcbf913799b1e6b&oe=5F02631A
나일론맨,서울,서울특별시 마포구 동교동 176-17,"쇼핑,유통>패션",90,https://www.instagram.com/p/BxCOqVADsM4/,https://scontent-ssn1-1.cdninstagram.com/v/t51.2885-15/e35/58909976_168045984203173_3756992825347121419_n.jpg?_nc_ht=scontent-ssn1-1.cdninstagram.com&_nc_cat=101&_nc_ohc=8ocYWJwDAPAAX9zH9qh&oh=8d2a9e33f0e95c0e7d8bf9f274ccb2da&oe=5F049C2B
아케이드 서울,홍대,,,141,https://www.instagram.com/p/B83zib7JI-d/,https://scontent-ssn1-1.cdninstagram.com/v/t51.2885-15/e35/83921618_784083545412638_6537824832956014533_n.jpg?_nc_ht=scontent-ssn1-1.cdninstagram.com&_nc_cat=102&_nc_ohc=-J1TnHlFezIAX9Bhi7K&oh=08df14b83ca2b69b40d2e1ff1ce32ab7&oe=5F0522BC
내자상회,서촌,,,132,https://www.instagram.com/p/B1M9I-eJxGE/,https://scontent-ssn1-1.cdninstagram.com/v/t51.2885-15/e35/67342756_1104151379768581_6414305420059979962_n.jpg?_nc_ht=scontent-ssn1-1.cdninstagram.com&_nc_cat=101&_nc_ohc=q575ZVaIcigAX8f3dua&oh=062682a90602cf4c4d2793c1f036fa37&oe=5F051FCB
웰컴레코즈,서울,,,103,https://www.instagram.com/p/Bv-o0xQF3us/,https://scontent-ssn1-1.cdninstagram.com/v/t51.2885-15/e35/53873469_2257067971181621_953921647452861743_n.jpg?_nc_ht=scontent-ssn1-1.cdninstagram.com&_nc_cat=105&_nc_ohc=--QY-4E2y8kAX9zzA6D&oh=b748a743372991fcfa826c473ac2be14&oe=5F03D55B
컨버스,홍대,,,86,https://www.instagram.com/p/CApfb_lpZqe/,https://scontent-ssn1-1.cdninstagram.com/v/t51.2885-15/e35/100968935_1171395609884545_3762450773104387375_n.jpg?_nc_ht=scontent-ssn1-1.cdninstagram.com&_nc_cat=101&_nc_ohc=qndWZhyWZaIAX_qXw_B&oh=1a0b22c3dc3e4bb51ba64442ca1598ee&oe=5F02A0F7
벡도,동묘,,,67,https://www.instagram.com/p/B_7GzjmJ8OE/,https://scontent-ssn1-1.cdninstagram.com/v/t51.2885-15/e35/97307428_2595171734098005_6906943622497968607_n.jpg?_nc_ht=scontent-ssn1-1.cdninstagram.com&_nc_cat=109&_nc_ohc=1MGEeNyPpZ0AX8dyrQd&oh=1f95f9e83a0ac5b15bfa257d59cee8d8&oe=5F03A095
플라스크,서울,서울특별시 중구 남산동2가 13-1,"문화,예술>복합문화공간",96,https://www.instagram.com/p/Bvh60oWF-lq/,https://scontent-ssn1-1.cdninstagram.com/v/t51.2885-15/e35/55783982_177297646586403_6916188179157144325_n.jpg?_nc_ht=scontent-ssn1-1.cdninstagram.com&_nc_cat=103&_nc_ohc=Nse5HwApQmkAX8PPP0s&oh=ddd2eb4d8ba70e850b958d15ac8e4cf4&oe=5F02F6DF
Wildduck &amp; Co,와일드 덕,,,70,https://www.instagram.com/p/BvUy40wFmSN/,https://scontent-ssn1-1.cdninstagram.com/v/t51.2885-15/e35/54513537_138951553821020_9015477858364484657_n.jpg?_nc_ht=scontent-ssn1-1.cdninstagram.com&_nc_cat=108&_nc_ohc=DrB1_m-nIW8AX9EvMbW&oh=4bb1cec1ae3c96ca28f888ccd95995df&oe=5F02252D
호스팅 하우스,서울,서울특별시 성동구 성수동2가 339-137 2층,술집>바(BAR),198,https://www.instagram.com/p/BzT77MrJTIL/,https://scontent-ssn1-1.cdninstagram.com/v/t51.2885-15/e35/64855125_450279289090479_2657488411502106514_n.jpg?_nc_ht=scontent-ssn1-1.cdninstagram.com&_nc_cat=103&_nc_ohc=XKZL7kTb-rwAX-sYAln&oh=8a15ee58034a026f45aee4803f17ce3f&oe=5F0405BA
윤 서울,성수,서울특별시 성동구 성수동2가 301-3,"쇼핑,유통>안경원",89,https://www.instagram.com/p/B8Tv8U4JJv3/,https://scontent-ssn1-1.cdninstagram.com/v/t51.2885-15/e35/83224470_2477177572530979_7570034672745565231_n.jpg?_nc_ht=scontent-ssn1-1.cdninstagram.com&_nc_cat=107&_nc_ohc=oKilZd1fbKoAX-e6JKF&oh=7ea1dd4a280777224cbcab95e93c8260&oe=5F031F69
블루 진 밥,이태원,,,107,https://www.instagram.com/p/B5kp_yup2SR/,https://scontent-ssn1-1.cdninstagram.com/v/t51.2885-15/e35/75580708_605587263517197_2520865907513969461_n.jpg?_nc_ht=scontent-ssn1-1.cdninstagram.com&_nc_cat=109&_nc_ohc=NCw0FN6bQQEAX_uwYOG&oh=e1130783ff6e13a663c48a1167656268&oe=5F042D8D
TIMBER SHOP,팀버샵,,,70,https://www.instagram.com/p/BupPKqcli7i/,https://scontent-ssn1-1.cdninstagram.com/v/t51.2885-15/e35/52831247_791477671221871_8806007327962809199_n.jpg?_nc_ht=scontent-ssn1-1.cdninstagram.com&_nc_cat=107&_nc_ohc=NLQSL6mEsZUAX_5jVVb&oh=4466acadc1ff4c3ce6b8b1106b8e094d&oe=5F049EEA
펠트 도산공원점 준지,신사동,,,144,https://www.instagram.com/p/B4kSynyJGpj/,https://scontent-ssn1-1.cdninstagram.com/v/t51.2885-15/e35/72666831_424058854947955_3925665220377843707_n.jpg?_nc_ht=scontent-ssn1-1.cdninstagram.com&_nc_cat=107&_nc_ohc=ryyCZtjmdi4AX-R2XP0&oh=7af9ea27e5de75360b36b741810f5bc8&oe=5F053752
DUFFEL CENTER,듀펠 센터,,,136,https://www.instagram.com/p/BvGAgaFlxmu/,https://scontent-ssn1-1.cdninstagram.com/v/t51.2885-15/e35/53043255_165609581093731_7045454040735151888_n.jpg?_nc_ht=scontent-ssn1-1.cdninstagram.com&_nc_cat=107&_nc_ohc=1rROJqYG5gsAX89T_9E&oh=5861668a0dc8fe097759957db49b1a7a&oe=5F04AE5B
팀블룸,누하동,서울특별시 종로구 누하동 22,패션>수입의류,64,https://www.instagram.com/p/B4bYP17pFXk/,https://scontent-ssn1-1.cdninstagram.com/v/t51.2885-15/e35/72920576_183731232761924_8565316067249675428_n.jpg?_nc_ht=scontent-ssn1-1.cdninstagram.com&_nc_cat=108&_nc_ohc=EcdHOyEgszoAX_akS4O&oh=c71002af9a8dde9873a0245a685ccf96&oe=5F0430F0
NEONMOON,네온문,,,105,https://www.instagram.com/p/BvBITYKlEZT/,https://scontent-ssn1-1.cdninstagram.com/v/t51.2885-15/e35/52983725_582387608838491_5438852644390996614_n.jpg?_nc_ht=scontent-ssn1-1.cdninstagram.com&_nc_cat=111&_nc_ohc=XqEWxP5zuGgAX_7h2Au&oh=72af99ee3b69480842cdb3eff1830e89&oe=5F05BEE6
유어마인드,서울,서울특별시 서대문구 연희동 132-32,서점>독립서점,183,https://www.instagram.com/p/Bw9GVWND42x/,https://scontent-ssn1-1.cdninstagram.com/v/t51.2885-15/e35/58654832_333891777196381_8379973235637238490_n.jpg?_nc_ht=scontent-ssn1-1.cdninstagram.com&_nc_cat=101&_nc_ohc=RUOPLJnWQlEAX8tRmyu&oh=40f0a423a018aaffbee3192fe8a656bc&oe=5F045F70
웝트샵,서울,서울특별시 용산구 한남동 683-94 1층,패션>수입의류,106,https://www.instagram.com/p/ByuYJrFpRxp/,https://scontent-ssn1-1.cdninstagram.com/v/t51.2885-15/e35/64359013_306638250212439_275415228717044467_n.jpg?_nc_ht=scontent-ssn1-1.cdninstagram.com&_nc_cat=103&_nc_ohc=qpikEyAgRcIAX8iLo_V&oh=0a2cd1e401fb92a50403e2bdc6f9abb7&oe=5F0235DA
모어댄레스,이태원,,,103,https://www.instagram.com/p/B3Mont_J9HZ/,https://scontent-ssn1-1.cdninstagram.com/v/t51.2885-15/e35/71060641_139527433983382_359723360159757959_n.jpg?_nc_ht=scontent-ssn1-1.cdninstagram.com&_nc_cat=110&_nc_ohc=bNcQL_ogv34AX935BeD&oh=82ad3c3811de2efa3c8e9207465e14e7&oe=5F05C816
띠용마켓,군자,서울특별시 광진구 군자동 110-11 지층,"쇼핑,유통>문구,팬시용품",101,https://www.instagram.com/p/B1Ld5yPpOIo/,https://scontent-ssn1-1.cdninstagram.com/v/t51.2885-15/e35/67621345_2533170496734426_3622704886850464618_n.jpg?_nc_ht=scontent-ssn1-1.cdninstagram.com&_nc_cat=106&_nc_ohc=6aAeuUuN6b0AX_uspr4&oh=7b4079a1ab877732e306d95268ffee40&oe=5F040382
디앤디파트먼트 서울,서울,서울특별시 용산구 한남동 683-142,"쇼핑,유통>가정,생활용품",88,https://www.instagram.com/p/BwwUX_rhtOn/,https://scontent-ssn1-1.cdninstagram.com/v/t51.2885-15/e35/57360410_320205458606541_6012446860818302108_n.jpg?_nc_ht=scontent-ssn1-1.cdninstagram.com&_nc_cat=109&_nc_ohc=ec6cMk-WHCsAX80296G&oh=0411d3d2b1148ba96770c0a00f235f57&oe=5F03917C
Keiko Shoten,케이코 쇼텐,,,57,https://www.instagram.com/p/BvLdcmXFy03/,https://scontent-ssn1-1.cdninstagram.com/v/t51.2885-15/e35/53270939_282182026016671_8278363910284581805_n.jpg?_nc_ht=scontent-ssn1-1.cdninstagram.com&_nc_cat=107&_nc_ohc=ZDsZjZYWjRgAX_JGPh3&oh=4c1ba2183e23197cc8e81739ed665772&oe=5F047D05
스컬프,서울,서울특별시 마포구 서교동 394-72,"쇼핑,유통>캐주얼웨어",78,https://www.instagram.com/p/BypPCs5pNK9/,https://scontent-ssn1-1.cdninstagram.com/v/t51.2885-15/e35/61875016_1553464481456795_8433694481880350738_n.jpg?_nc_ht=scontent-ssn1-1.cdninstagram.com&_nc_cat=111&_nc_ohc=5IjbKukYHdwAX_w4l4B&oh=f90e5d33740d3745edaa234e437683b8&oe=5F0493FA
앙 봉 꼴렉터,종로,서울특별시 종로구 통의동 13,"쇼핑,유통>미술,공예품",62,https://www.instagram.com/p/B-Nr2VBpxjT/,https://scontent-ssn1-1.cdninstagram.com/v/t51.2885-15/e35/90860216_560397704589916_4880463319236143034_n.jpg?_nc_ht=scontent-ssn1-1.cdninstagram.com&_nc_cat=104&_nc_ohc=9s8XbOa-6QIAX9mD71Z&oh=363fcdc1992a1a41f5d0ead4dc0ffd4e&oe=5F029560
SHOP OVAL,오벌,,,82,https://www.instagram.com/p/Bu8tZF4Fiuf/,https://scontent-ssn1-1.cdninstagram.com/v/t51.2885-15/e35/53759614_312168199486530_5463067502898672770_n.jpg?_nc_ht=scontent-ssn1-1.cdninstagram.com&_nc_cat=106&_nc_ohc=FXx6d5OQdqAAX8kUokW&oh=e1e2b534c95928f25306c43e879f2d4a&oe=5F0289E5
미미도넛,서울,서울특별시 마포구 동교동 177-4,"가구,인테리어>인테리어소품",108,https://www.instagram.com/p/B0xtm3SJxQZ/,https://scontent-ssn1-1.cdninstagram.com/v/t51.2885-15/e35/67086093_943988385942571_3396471061201862605_n.jpg?_nc_ht=scontent-ssn1-1.cdninstagram.com&_nc_cat=107&_nc_ohc=4_Tgje7ZBgYAX9SB7NP&oh=0307fe9de0f3a584725271930f38957a&oe=5F0406D1
루,서울,서울특별시 종로구 익선동 166-57,"술집>맥주,호프",105,https://www.instagram.com/p/Bx7a3lcJr5N/,https://scontent-ssn1-1.cdninstagram.com/v/t51.2885-15/e35/60563553_494174791124803_7408900119769354640_n.jpg?_nc_ht=scontent-ssn1-1.cdninstagram.com&_nc_cat=107&_nc_ohc=z4PG41SwEi0AX9W30kZ&oh=fb2c84466a2d419188500db5ee0cd235&oe=5F052E0D
서울시 성동구 연무장길 8-1,서울,,,77,https://www.instagram.com/p/BuagaOnF6BE/,https://scontent-ssn1-1.cdninstagram.com/v/t51.2885-15/e35/52376461_416447842455449_6263856103865347238_n.jpg?_nc_ht=scontent-ssn1-1.cdninstagram.com&_nc_cat=105&_nc_ohc=sx29eI9HSXcAX_Eg5uC&oh=6f7220302c7cd6667772ea99baca344d&oe=5F05CA47
도프레코드,마포,서울특별시 마포구 신수동 180-1,"쇼핑,유통>음반,CD",122,https://www.instagram.com/p/B1dffWwp913/,https://scontent-ssn1-1.cdninstagram.com/v/t51.2885-15/e35/69542053_456447455211302_766251723303814032_n.jpg?_nc_ht=scontent-ssn1-1.cdninstagram.com&_nc_cat=102&_nc_ohc=Ju2AfkQSJBAAX_asxx6&oh=8069ea96a506183744367c487e4bac1c&oe=5F054BC4
실리빌리,서울,서울특별시 마포구 서교동 366-30,패션>수입의류,102,https://www.instagram.com/p/BxZ9DE0DDT3/,https://scontent-ssn1-1.cdninstagram.com/v/t51.2885-15/e35/60285755_194561271528445_4546455372841112732_n.jpg?_nc_ht=scontent-ssn1-1.cdninstagram.com&_nc_cat=101&_nc_ohc=cexjhcDR7PYAX_5l3ie&oh=c3c2135a2a21f8863c2e796673140a39&oe=5F03D8C3
코우너스,을지로,,,95,https://www.instagram.com/p/B05c7lrpzdM/,https://scontent-ssn1-1.cdninstagram.com/v/t51.2885-15/e35/68907096_160698275069000_8772300550840022293_n.jpg?_nc_ht=scontent-ssn1-1.cdninstagram.com&_nc_cat=108&_nc_ohc=Niu8yagqsuoAX_lEfqr&oh=a7e703f5ea34bcd2e5b97f2be63b188a&oe=5F02CB4D
아조 스튜디오,서울,,,145,https://www.instagram.com/p/BxhImmHJ6n6/,https://scontent-ssn1-1.cdninstagram.com/v/t51.2885-15/e35/59410991_2318180408427674_1841083379505553043_n.jpg?_nc_ht=scontent-ssn1-1.cdninstagram.com&_nc_cat=102&_nc_ohc=nFlpFA_96aAAX9h-6cG&oh=a506ac72c6f84e4f94239bd57efda2a6&oe=5F027138
탁틸리티 스튜디오,서울,서울특별시 서초구 방배동 918-9 로얄하우스 102호,"협회,단체>디자인",114,https://www.instagram.com/p/ByFuuYKJcK5/,https://scontent-ssn1-1.cdninstagram.com/v/t51.2885-15/e35/60720260_1367218790097677_1322175970751999906_n.jpg?_nc_ht=scontent-ssn1-1.cdninstagram.com&_nc_cat=105&_nc_ohc=-niul4SRPbEAX8xraKs&oh=5939b8e2eab2754620262ab11d71acba&oe=5F03C99F
퀸마마마켓,서울,,,86,https://www.instagram.com/p/BwR2B1EhfAl/,https://scontent-ssn1-1.cdninstagram.com/v/t51.2885-15/e35/57119734_301942417403467_7301918790935082889_n.jpg?_nc_ht=scontent-ssn1-1.cdninstagram.com&_nc_cat=107&_nc_ohc=T2bwc1py39cAX9_regy&oh=6d97f2afe6f8e973cfab1669f600251a&oe=5F03CAB1
도림서재,신도림,,,82,https://www.instagram.com/p/B5fgUPMJT2t/,https://scontent-ssn1-1.cdninstagram.com/v/t51.2885-15/e35/75288575_186926402480137_7313269547733042851_n.jpg?_nc_ht=scontent-ssn1-1.cdninstagram.com&_nc_cat=101&_nc_ohc=Ajs_nYixnjwAX9k0R8M&oh=d5a02196a69ed3242fb79e848ed1caa4&oe=5F044CE2
29cm 스토어,서울,서울특별시 서초구 서초동 1318-2,"생활,편의>편의점",137,https://www.instagram.com/p/ByK5lvYppNE/,https://scontent-ssn1-1.cdninstagram.com/v/t51.2885-15/e35/60424725_141593196956333_8300356770751249493_n.jpg?_nc_ht=scontent-ssn1-1.cdninstagram.com&_nc_cat=105&_nc_ohc=DWPuyYScRroAX9fIjtH&oh=4f1fbaf0d6ff2a696c12f21b302a70e9&oe=5F0242EF
웜그레이테일,서울,서울특별시 마포구 망원동 403-12,"전문,기술서비스>전문디자인",160,https://www.instagram.com/p/BvxVXxHFq-N/,https://scontent-ssn1-1.cdninstagram.com/v/t51.2885-15/e35/54511680_410525133068902_1355617570724073151_n.jpg?_nc_ht=scontent-ssn1-1.cdninstagram.com&_nc_cat=110&_nc_ohc=WJehBdPIIuMAX-zK9au&oh=14d5636d34a2408a95f5f22fc41e2cd2&oe=5F05BC04
LABROS,라브로스,,,91,https://www.instagram.com/p/BvL70-slKOH/,https://scontent-ssn1-1.cdninstagram.com/v/t51.2885-15/e35/53762909_2276324869277027_8063078734068818106_n.jpg?_nc_ht=scontent-ssn1-1.cdninstagram.com&_nc_cat=111&_nc_ohc=ifpiQvNqs7YAX8WwSu4&oh=3db4c94c5c4e880f04dd75e2714c1b70&oe=5F0491D9
젤리버블,서울,서울특별시 성북구 성북동 58-3,"쇼핑,유통>장난감",98,https://www.instagram.com/p/ByiCr0lph7S/,https://scontent-ssn1-1.cdninstagram.com/v/t51.2885-15/e35/64406899_2310846742314807_5540242306914143186_n.jpg?_nc_ht=scontent-ssn1-1.cdninstagram.com&_nc_cat=103&_nc_ohc=lMnpX6DR5hsAX-at8Hq&oh=be5e7a39bd6d04e6aa0de8d32f6976bf&oe=5F042713
Sounds Good Store,사운즈 굿 스토어,,,70,https://www.instagram.com/p/Bu74xBNl90B/,https://scontent-ssn1-1.cdninstagram.com/v/t51.2885-15/e35/53165365_606231166521672_7031225167007375153_n.jpg?_nc_ht=scontent-ssn1-1.cdninstagram.com&_nc_cat=100&_nc_ohc=oTe1fTh_e9oAX-K_XAq&oh=b83f635eb1f518a9c18142b1672a2e53&oe=5F033F30
라탈랑트,서울,서울특별시 강남구 신사동 630-25,"가구,인테리어>인테리어소품",102,https://www.instagram.com/p/BwrDeyhBGbQ/,https://scontent-ssn1-1.cdninstagram.com/v/t51.2885-15/e35/58410899_640281663079825_1174963704629596615_n.jpg?_nc_ht=scontent-ssn1-1.cdninstagram.com&_nc_cat=101&_nc_ohc=lRrHdAaIUXUAX9zuaT9&oh=22856ba5543b5f60fb1ca8bc7318c29a&oe=5F0322B6
언커먼 아이웨어,합정,,,76,https://www.instagram.com/p/B3mb0qnpjhR/,https://scontent-ssn1-1.cdninstagram.com/v/t51.2885-15/e35/71021892_2828259417198766_5475648689679291561_n.jpg?_nc_ht=scontent-ssn1-1.cdninstagram.com&_nc_cat=110&_nc_ohc=7OwaYW2Oyp4AX8Q9343&oh=af109646ea4fbbcfa475240384a47e0d&oe=5F0288B7
LEAUMAGIQUE,로매지크,,,61,https://www.instagram.com/p/BvG9SJmlAdU/,https://scontent-ssn1-1.cdninstagram.com/v/t51.2885-15/e35/53067955_182696736056672_1440123323929918056_n.jpg?_nc_ht=scontent-ssn1-1.cdninstagram.com&_nc_cat=108&_nc_ohc=AgESePs6mH8AX9hNiKT&oh=f0113cc1a0453a5f1da32a6236bf658d&oe=5F043A2B
수바코,망원동 (1호점),,,113,https://www.instagram.com/p/B1EGgioJdRG/,https://scontent-ssn1-1.cdninstagram.com/v/t51.2885-15/e35/66496794_156064082180081_2501084062995763920_n.jpg?_nc_ht=scontent-ssn1-1.cdninstagram.com&_nc_cat=105&_nc_ohc=tanmPakBgkgAX8O6bku&oh=564a4e3ec8cd3d7f4fbbc7e5b2bad420&oe=5F02AEB1
허즈,서울,서울특별시 마포구 연남동 241-90,"가구,인테리어>인테리어소품",93,https://www.instagram.com/p/BwPRS_vBosM/,https://scontent-ssn1-1.cdninstagram.com/v/t51.2885-15/e35/54800820_278137769742363_8462355967454909883_n.jpg?_nc_ht=scontent-ssn1-1.cdninstagram.com&_nc_cat=103&_nc_ohc=jEgqV1o4aLgAX_hBIio&oh=c7b40234fba1e5f1f9e77f4c240b49a8&oe=5F05EF64
비 아인 키노,서울,서울특별시 강남구 논현동 101-19,"쇼핑,유통>가구",96,https://www.instagram.com/p/ByqzARppXSi/,https://scontent-ssn1-1.cdninstagram.com/v/t51.2885-15/e35/64586395_1157280891138955_5683702977226011818_n.jpg?_nc_ht=scontent-ssn1-1.cdninstagram.com&_nc_cat=107&_nc_ohc=gygDmMsEFH4AX9pecSF&oh=22e4dbc175d5c2409cce0391a2bdeb62&oe=5F028B84
밀리미터 밀리그램,서울,서울특별시 용산구 한남동 683-142,"쇼핑,유통>문구,팬시용품",70,https://www.instagram.com/p/B15zenaJHSn/,https://scontent-ssn1-1.cdninstagram.com/v/t51.2885-15/e35/70504976_494283834470777_7535911734531520038_n.jpg?_nc_ht=scontent-ssn1-1.cdninstagram.com&_nc_cat=105&_nc_ohc=nDl_0eOsh5IAX_VospD&oh=39c38af1d7155fb3612f1af6a0e7d05f&oe=5F035831
파도식물,서울,서울특별시 용산구 한남동 683-142,"쇼핑,유통>원예,화훼농원",103,https://www.instagram.com/p/BwnaLDQBmEV/,https://scontent-ssn1-1.cdninstagram.com/v/t51.2885-15/e35/57286270_114670046398227_2576349361528457787_n.jpg?_nc_ht=scontent-ssn1-1.cdninstagram.com&_nc_cat=103&_nc_ohc=_k2jV20wFKMAX-m5V2Z&oh=9d70656d039d6ffbf1652038c7037813&oe=5F02D405
에프북언더,망원동,,,59,https://www.instagram.com/p/B9wdA5vJAZ4/,https://scontent-ssn1-1.cdninstagram.com/v/t51.2885-15/e35/89812653_1244531282417126_846221681438446418_n.jpg?_nc_ht=scontent-ssn1-1.cdninstagram.com&_nc_cat=102&_nc_ohc=v8L6CERvUcIAX-IPKJ7&oh=b9a447db2ec52b322cf9b312277a9b16&oe=5F02E67E
짐블랑,서울,서울특별시 용산구 한남동 64-4 대유빌딩 1층,"쇼핑,유통>가구,인테리어",76,https://www.instagram.com/p/BxUQz2kj3Ih/,https://scontent-ssn1-1.cdninstagram.com/v/t51.2885-15/e35/56842942_137111424111764_7447507988890739097_n.jpg?_nc_ht=scontent-ssn1-1.cdninstagram.com&_nc_cat=108&_nc_ohc=X09KuV7fl8QAX_uN-VG&oh=2e9629b7284d6690648d8193c909c450&oe=5F04B450
갤러리 프리다,서울,서울특별시 용산구 이태원동 258-340,"문화,예술>갤러리,화랑",95,https://www.instagram.com/p/ByxfOdEJko0/,https://scontent-ssn1-1.cdninstagram.com/v/t51.2885-15/e35/61700716_179274659741440_1559131064395448336_n.jpg?_nc_ht=scontent-ssn1-1.cdninstagram.com&_nc_cat=104&_nc_ohc=Cun9XncEPlcAX_oS948&oh=ed5f14ad08f71e7eb61d9424d660023e&oe=5F04453E
오쿠스,강남,서울특별시 강남구 신사동 642-12,패션>수입의류,62,https://www.instagram.com/p/B6QbgmBJRCW/,https://scontent-ssn1-1.cdninstagram.com/v/t51.2885-15/e35/75239222_196415688194147_7604332776317368220_n.jpg?_nc_ht=scontent-ssn1-1.cdninstagram.com&_nc_cat=111&_nc_ohc=IloxnUPZ2iMAX80fsgZ&oh=4a98511cafed61219e379712186d4b66&oe=5F025845
목련상점,서울,서울특별시 서초구 반포동 19-4 센트럴시티 4층 62호,"침구,커튼>침구류,직물",146,https://www.instagram.com/p/BxFWhTSjE3u/,https://scontent-ssn1-1.cdninstagram.com/v/t51.2885-15/e35/57472022_335373143790429_8705606498831552556_n.jpg?_nc_ht=scontent-ssn1-1.cdninstagram.com&_nc_cat=109&_nc_ohc=r4QKQz5F7boAX8EW5Xu&oh=cfd8c1dfeba409e89a732142167116b9&oe=5F041DE3
39etc,이촌,서울특별시 용산구 이촌동 203-62,"가구,인테리어>인테리어소품",119,https://www.instagram.com/p/B99ayRSpmrm/,https://scontent-ssn1-1.cdninstagram.com/v/t51.2885-15/e35/90091729_211748109917788_769044952630443906_n.jpg?_nc_ht=scontent-ssn1-1.cdninstagram.com&_nc_cat=104&_nc_ohc=ft33YfdgcN8AX_OP3MX&oh=5b8e4aee942cce2f76355134aeb6d2a4&oe=5F053125
메종드알로하,서울,서울특별시 마포구 서교동 336-12,"가구,인테리어>인테리어소품",81,https://www.instagram.com/p/Bv6IVoblwJf/,https://scontent-ssn1-1.cdninstagram.com/v/t51.2885-15/e35/56319323_2231818177146839_2038258184969659279_n.jpg?_nc_ht=scontent-ssn1-1.cdninstagram.com&_nc_cat=111&_nc_ohc=llHDpB1mI40AX-jWCcd&oh=ef76eeecb6e678e77012a0aa2038073a&oe=5F058B6A
에잇컬러스,서울,서울특별시 강남구 논현동 42-10,"쇼핑,유통>가구,인테리어",68,https://www.instagram.com/p/BxH6zwXj1r_/,https://scontent-ssn1-1.cdninstagram.com/v/t51.2885-15/e35/58410802_2238521309568584_8266002545560633221_n.jpg?_nc_ht=scontent-ssn1-1.cdninstagram.com&_nc_cat=108&_nc_ohc=EQ09X7DAExcAX_pogrt&oh=f6e61bc15f799ed5923f2fd444c51fe1&oe=5F0501DE
부부 1206,방배동,,,78,https://www.instagram.com/p/BzNTM6TJX9S/,https://scontent-ssn1-1.cdninstagram.com/v/t51.2885-15/e35/65207953_456739151789675_9005239281755961153_n.jpg?_nc_ht=scontent-ssn1-1.cdninstagram.com&_nc_cat=111&_nc_ohc=UQ5sFvdZwocAX9seE0l&oh=997cbc2afa94fdc8cc3b158fb53ec6ec&oe=5F032517
HERITAGEFLOSS,헤리티지플로스,,,57,https://www.instagram.com/p/BvVcTn8lwPA/,https://scontent-ssn1-1.cdninstagram.com/v/t51.2885-15/e35/53311958_569117770254289_760602477307103055_n.jpg?_nc_ht=scontent-ssn1-1.cdninstagram.com&_nc_cat=101&_nc_ohc=-GnGkyN33yQAX_4Jq9u&oh=c76a41b4c64790388132c3e8900e02f7&oe=5F027401
《굿즈모아마트 - GOOD BUY》,서울,,,83,https://www.instagram.com/p/B4pDqBgJuBJ/,https://scontent-ssn1-1.cdninstagram.com/v/t51.2885-15/e35/71583689_156850678860795_4769626303030527557_n.jpg?_nc_ht=scontent-ssn1-1.cdninstagram.com&_nc_cat=103&_nc_ohc=w6Nok_jqC2QAX_AeEjJ&oh=78d8e4bcbaa417abedeafd9781ec8dbd&oe=5F04BB78
런던 그로서리 마켓,서울,서울특별시 종로구 필운동 35,패션>수입의류,94,https://www.instagram.com/p/BxqXKu4pPBe/,https://scontent-ssn1-1.cdninstagram.com/v/t51.2885-15/e35/59493631_182542546015413_6329023627980664731_n.jpg?_nc_ht=scontent-ssn1-1.cdninstagram.com&_nc_cat=109&_nc_ohc=se4vS-DnIp8AX_Scn_7&oh=12d65357f013bd53f5a934ffb09b7765&oe=5F029AED
CollagE,콜라주,,,70,https://www.instagram.com/p/Bu2HEbZF2zb/,https://scontent-ssn1-1.cdninstagram.com/v/t51.2885-15/e35/54511708_123073198808632_1870752820483785406_n.jpg?_nc_ht=scontent-ssn1-1.cdninstagram.com&_nc_cat=104&_nc_ohc=czxt5Im3oHMAX_aiz5J&oh=c8aa7550b2c18aa1dc6588b52164ad80&oe=5F03634C
왓코커피,서울,서울특별시 마포구 신수동 81-15,"카페,디저트>카페",176,https://www.instagram.com/p/ByBjdYGpKo7/,https://scontent-ssn1-1.cdninstagram.com/v/t51.2885-15/e35/61210354_2409940335949506_6616785540371092902_n.jpg?_nc_ht=scontent-ssn1-1.cdninstagram.com&_nc_cat=106&_nc_ohc=kT-tEM-GaH4AX-Ay-iU&oh=05471af025add4c7cb06202687927c88&oe=5F03DA0F
유니페어,서울,서울특별시 강남구 신사동 646-18 1층,"쇼핑,유통>신발",60,https://www.instagram.com/p/Bv_0fgQlCH5/,https://scontent-ssn1-1.cdninstagram.com/v/t51.2885-15/e35/54277371_2258515491134166_1569527252424230883_n.jpg?_nc_ht=scontent-ssn1-1.cdninstagram.com&_nc_cat=106&_nc_ohc=VbBX6sUxS1EAX9yaYUH&oh=b1f1ec364a7081027aeea7f3909a7143&oe=5F037CE2
USED FUTURE,유즈드 퓨처,,,61,https://www.instagram.com/p/BuVyLnRlRif/,https://scontent-ssn1-1.cdninstagram.com/v/t51.2885-15/e35/51383606_1170179296481609_216959589610556855_n.jpg?_nc_ht=scontent-ssn1-1.cdninstagram.com&_nc_cat=105&_nc_ohc=jRJ-x4ZFT_wAX9-C6PG&oh=05963bf9b56203caa759b084a0a6dfb0&oe=5F05F0A2
가버먼트,홍대,,,81,https://www.instagram.com/p/BzbrQn5JUwN/,https://scontent-ssn1-1.cdninstagram.com/v/t51.2885-15/e35/64777999_452645248914966_2288185191252215595_n.jpg?_nc_ht=scontent-ssn1-1.cdninstagram.com&_nc_cat=106&_nc_ohc=U0TfbtmCsSMAX8z61uo&oh=a9af98f4720a1bec8b93a3c453a0d1bf&oe=5F038ED5
꽁티드툴레아,도산공원,,,146,https://www.instagram.com/p/B6LK-uGJ3gl/,https://scontent-ssn1-1.cdninstagram.com/v/t51.2885-15/e35/75483279_285606529067982_4187193565857189187_n.jpg?_nc_ht=scontent-ssn1-1.cdninstagram.com&_nc_cat=106&_nc_ohc=2B0-rUeB88YAX9XNRlC&oh=ba4768406662e859febcf3ad8d47f944&oe=5F059ADA
므스크 샵,서울,서울특별시 종로구 창성동 109-3 Haus of MSK B1,패션>남성의류,85,https://www.instagram.com/p/ByFMEqdJN9m/,https://scontent-ssn1-1.cdninstagram.com/v/t51.2885-15/e35/60775998_140818420334890_6395777439079354033_n.jpg?_nc_ht=scontent-ssn1-1.cdninstagram.com&_nc_cat=110&_nc_ohc=R2nglDGCJ-QAX-iuuzd&oh=8482e4aa578b25a8eca6f045b2368d28&oe=5F059F1C
CYTOKININ,시토키닌,,,46,https://www.instagram.com/p/BvUJoFvlq43/,https://scontent-ssn1-1.cdninstagram.com/v/t51.2885-15/e35/54446617_343637036496877_8845138310714214689_n.jpg?_nc_ht=scontent-ssn1-1.cdninstagram.com&_nc_cat=101&_nc_ohc=DEEkEPB10YAAX9IhZ7x&oh=fefd1dca42839c7dcede72f2f0f1ba2d&oe=5F03C6DE
아르코,성수,,,176,https://www.instagram.com/p/B9zCFWjpma7/,https://scontent-ssn1-1.cdninstagram.com/v/t51.2885-15/e35/90204396_545379306105178_7989948133852672940_n.jpg?_nc_ht=scontent-ssn1-1.cdninstagram.com&_nc_cat=110&_nc_ohc=y1ndgn1dwA0AX88-Qri&oh=27102f00d7a3f4796821e3013a3c7e85&oe=5F0302B9
페얼스,서울,서울특별시 종로구 원서동 101-2,"쇼핑,유통>패션",119,https://www.instagram.com/p/BwhSvkFB4gr/,https://scontent-ssn1-1.cdninstagram.com/v/t51.2885-15/e35/58409498_574850539677416_4060147059910684988_n.jpg?_nc_ht=scontent-ssn1-1.cdninstagram.com&_nc_cat=108&_nc_ohc=an-1rYMjhjcAX_ZptHB&oh=d9103e2eb044df710150c7540a3609a5&oe=5F020C07
라이너 노트,연남동,,,133,https://www.instagram.com/p/B0VZfIIpgw-/,https://scontent-ssn1-1.cdninstagram.com/v/t51.2885-15/e35/65694322_131099024799049_4335114817263957715_n.jpg?_nc_ht=scontent-ssn1-1.cdninstagram.com&_nc_cat=101&_nc_ohc=BHFFTG-HT6cAX8x0skO&oh=f2ec03d9dbbac2f70fbe79d7dc8b1f89&oe=5F05A057
위키드와이프,강남,서울특별시 강남구 신사동 551-32,음식점>한식,74,https://www.instagram.com/p/B_XQRzeJSv9/,https://scontent-ssn1-1.cdninstagram.com/v/t51.2885-15/e35/94122172_243145690375993_7755467030109820530_n.jpg?_nc_ht=scontent-ssn1-1.cdninstagram.com&_nc_cat=101&_nc_ohc=5NKOAMTZvXwAX-gfB0i&oh=fe09de7b4f2c9b8e0ad2ea7a886cef5d&oe=5F05F13D
망우삼림,서울,서울특별시 중구 을지로3가 346-3,"생활,편의>사진,스튜디오",145,https://www.instagram.com/p/B0DWoa1pY23/,https://scontent-ssn1-1.cdninstagram.com/v/t51.2885-15/e35/66176466_2204730329819165_1148517874042636860_n.jpg?_nc_ht=scontent-ssn1-1.cdninstagram.com&_nc_cat=105&_nc_ohc=jL5jufgRVOkAX8XQZGo&oh=c345b4fb0c68d709bcc07ece6e3c9cfa&oe=5F03E484
게릴라 라디오,홍대,,,94,https://www.instagram.com/p/B4ygmZFp74d/,https://scontent-ssn1-1.cdninstagram.com/v/t51.2885-15/e35/75602204_2479113125470859_1951154594277477656_n.jpg?_nc_ht=scontent-ssn1-1.cdninstagram.com&_nc_cat=111&_nc_ohc=H7qMCyR9QL4AX-tkC4P&oh=4ea3ef9346a490a82bc1c97aa3efe676&oe=5F03A6F2
을지로 슷,서울,서울특별시 중구 을지로2가 149-10,"쇼핑,유통>패션",99,https://www.instagram.com/p/B7tLkoAJ85-/,https://scontent-ssn1-1.cdninstagram.com/v/t51.2885-15/e35/81138589_2557285077881040_5833089895837566120_n.jpg?_nc_ht=scontent-ssn1-1.cdninstagram.com&_nc_cat=100&_nc_ohc=o20tbMkn0i8AX9PoI8_&oh=cae8f70ac606b159736e94c50263931a&oe=5F037B3A
아모레,성수,서울특별시 성동구 성수동2가 277-52,"쇼핑,유통>화장품,향수",131,https://www.instagram.com/p/B4SR1oDJWu6/,https://scontent-ssn1-1.cdninstagram.com/v/t51.2885-15/e35/71529107_2332334160223328_4538562807601812593_n.jpg?_nc_ht=scontent-ssn1-1.cdninstagram.com&_nc_cat=108&_nc_ohc=Ul_smmZdClsAX8CWxZO&oh=3a2330545b30de7f229ec1d91efea721&oe=5F040361
디비 프린트 스튜디오,서울,,,102,https://www.instagram.com/p/BzuwY1mJPFn/,https://scontent-ssn1-1.cdninstagram.com/v/t51.2885-15/e35/65463083_149535359528469_6043809869562463412_n.jpg?_nc_ht=scontent-ssn1-1.cdninstagram.com&_nc_cat=109&_nc_ohc=b2OIQ1Zo6qUAX_KAW48&oh=078b8ee166fd981c474d8f0188bbb2cf&oe=5F027D2C
0fr Seoul,성수,,,93,https://www.instagram.com/p/B37GOSWJuba/,https://scontent-ssn1-1.cdninstagram.com/v/t51.2885-15/e35/74607465_179147953214839_2875018546530426961_n.jpg?_nc_ht=scontent-ssn1-1.cdninstagram.com&_nc_cat=107&_nc_ohc=GpvWvdhtT1oAX_CR2vf&oh=4fc9b2c41b86cc5dca82ef6eea9d39a8&oe=5F0303A3
징기레이블,서울,,,80,https://www.instagram.com/p/ByfdwLXJSY0/,https://scontent-ssn1-1.cdninstagram.com/v/t51.2885-15/e35/61788345_337399523622892_7223271355970611578_n.jpg?_nc_ht=scontent-ssn1-1.cdninstagram.com&_nc_cat=104&_nc_ohc=c17vSxNFX_UAX98gShV&oh=f9d3ab15fdd0ea0f424821378ad8778b&oe=5F044D85
리틀템포디자인샵,서촌,,,102,https://www.instagram.com/p/B7D7vkKJxbM/,https://scontent-ssn1-1.cdninstagram.com/v/t51.2885-15/e35/82437396_2528240277451517_2337651233228152525_n.jpg?_nc_ht=scontent-ssn1-1.cdninstagram.com&_nc_cat=105&_nc_ohc=D_qyJ-64TAwAX8ESZl0&oh=d21b9232bcfa178c9dfc1b341428b3d3&oe=5F03DA8F
포롱포롱 잡화점,서울,서울특별시 마포구 망원동 399-3 세림빌딩 2층201호,"쇼핑,유통>주방용품",106,https://www.instagram.com/p/BwB2uxtlKmM/,https://scontent-ssn1-1.cdninstagram.com/v/t51.2885-15/e35/56300311_129498621488022_7406081709669834142_n.jpg?_nc_ht=scontent-ssn1-1.cdninstagram.com&_nc_cat=106&_nc_ohc=UNmJ8Ar8Xc0AX8CJoTu&oh=abb61432b172cfa51fa4ebaff888a7e2&oe=5F050C0A
벨보이 스토어,강남,,,41,https://www.instagram.com/p/B-hYOKdpRo8/,https://scontent-ssn1-1.cdninstagram.com/v/t51.2885-15/e35/91782319_2862724733816647_3784784385970011958_n.jpg?_nc_ht=scontent-ssn1-1.cdninstagram.com&_nc_cat=107&_nc_ohc=7EmcvWncO28AX9wAPjx&oh=451443cfb87b320a35263fe9ac92434e&oe=5F05F4FE
Mwm 을지로 ,서울,서울특별시 중구 저동2가 69-1,"카페,디저트>카페",98,https://www.instagram.com/p/B3KDgSjJzGY/,https://scontent-ssn1-1.cdninstagram.com/v/t51.2885-15/e35/69680985_150930916150160_72673138269991654_n.jpg?_nc_ht=scontent-ssn1-1.cdninstagram.com&_nc_cat=108&_nc_ohc=Rz9rNoFYsT8AX9iAP56&oh=61c15565df5693b4b692d7edc42f87a3&oe=5F03E7E3
비플러스엠,서울,서울특별시 마포구 아현동 424-23,"쇼핑,유통>원목가구",103,https://www.instagram.com/p/BwZB-kJByR6/,https://scontent-ssn1-1.cdninstagram.com/v/t51.2885-15/e35/56218137_847353512282314_4544524772541678676_n.jpg?_nc_ht=scontent-ssn1-1.cdninstagram.com&_nc_cat=110&_nc_ohc=c-K4g9PbXC0AX8A0MZa&oh=5fd54965a1e276891e1febb721e1c5aa&oe=5F046787
아데쿠베,서울,서울특별시 강남구 신사동 631-35,패션>수입의류,86,https://www.instagram.com/p/BxXXcosjdWU/,https://scontent-ssn1-1.cdninstagram.com/v/t51.2885-15/e35/60144832_383098912303493_3653668517963429117_n.jpg?_nc_ht=scontent-ssn1-1.cdninstagram.com&_nc_cat=105&_nc_ohc=7BXYKKtdI8AAX-LSeLm&oh=c66ed340a0224db3c647f6eca02bbe8f&oe=5F04A2CF
제로 퍼 제로,서울,서울특별시 마포구 염리동 147-27,한식>돼지고기구이,111,https://www.instagram.com/p/BxmR8f1pPBc/,https://scontent-ssn1-1.cdninstagram.com/v/t51.2885-15/e35/59693482_210878196544655_5714524989128962803_n.jpg?_nc_ht=scontent-ssn1-1.cdninstagram.com&_nc_cat=111&_nc_ohc=5cbueTR84DkAX-Xd01h&oh=df72ad5350ba4e80b31205016cad97ec&oe=5F039528
포스트 포에틱스,서울,"서울특별시 용산구 한남동 683-142 , 1층",서점>독립서점,103,https://www.instagram.com/p/Bvd157gl17G/,https://scontent-ssn1-1.cdninstagram.com/v/t51.2885-15/e35/54247978_329771031222021_2196074177431773873_n.jpg?_nc_ht=scontent-ssn1-1.cdninstagram.com&_nc_cat=109&_nc_ohc=5suA_G0hjTMAX9ZA_3G&oh=1f49626b618850c552daaa5be6a3550d&oe=5F04B879
스이렌 서울,을지로,서울특별시 중구 을지로3가 302-15 3층,"쇼핑,유통>패션",102,https://www.instagram.com/p/B1kJKWhpcFg/,https://scontent-ssn1-1.cdninstagram.com/v/t51.2885-15/e35/69130313_119278412759242_6726207831284457638_n.jpg?_nc_ht=scontent-ssn1-1.cdninstagram.com&_nc_cat=110&_nc_ohc=M1zotnc6-RoAX_2-psV&oh=475142f415b7c294b47e72197d92512e&oe=5F03A568
VINTAGE BONNIE,빈티지 보니,,,132,https://www.instagram.com/p/Buuq0zal-RT/,https://scontent-ssn1-1.cdninstagram.com/v/t51.2885-15/e35/53435568_248339499454749_8409480574278894761_n.jpg?_nc_ht=scontent-ssn1-1.cdninstagram.com&_nc_cat=109&_nc_ohc=xYcPbdunQwkAX-5HVKD&oh=06f120aeeff0d26aec533cf70e0f2906&oe=5F05C582
샌프란시스코 마켓,서울,서울특별시 중구 소공동 1 롯데백화점 본점 6층,패션>수입의류,113,https://www.instagram.com/p/B0Nro1-pz8a/,https://scontent-ssn1-1.cdninstagram.com/v/t51.2885-15/e35/67712820_2088600607930165_5983799887126432985_n.jpg?_nc_ht=scontent-ssn1-1.cdninstagram.com&_nc_cat=101&_nc_ohc=usN0c5X6dXYAX9GMb4Z&oh=1a27ae1bcda71ffef47e0ed2c0084ca6&oe=5F020B7F
